player_name,player_id,year,pa,bip,ba,xba,est_ba_minus_ba_diff,slg,xslg,est_slg_minus_slg_diff,woba,xwoba,est_woba_minus_woba_diff,xwoba_gap,xslg_gap
"Duran, Jarren",680776,2024,735,515,0.285,0.271,0.0139999999999999,0.492,0.448,0.0439999999999999,0.357,0.338,0.0189999999999999,-0.01899999999999996,-0.043999999999999984
"Ohtani, Shohei",660271,2024,731,479,0.31,0.314,-0.004,0.646,0.659,-0.013,0.431,0.441,-0.01,0.010000000000000009,0.013000000000000012
"Henderson, Gunnar",683002,2024,719,475,0.281,0.283,-0.0019999999999999,0.529,0.492,0.037,0.381,0.374,0.007,-0.007000000000000006,-0.03700000000000003
"Semien, Marcus",543760,2024,718,546,0.237,0.251,-0.014,0.391,0.392,-0.001,0.306,0.314,-0.008,0.008000000000000007,0.0010000000000000009
"Soto, Juan",665742,2024,713,461,0.288,0.316,-0.028,0.569,0.645,-0.076,0.421,0.462,-0.041,0.041000000000000036,0.07600000000000007
"Witt Jr., Bobby",677951,2024,709,538,0.332,0.315,0.017,0.588,0.577,0.011,0.41,0.408,0.002,-0.0020000000000000018,-0.01100000000000001
"Judge, Aaron",592450,2024,704,390,0.322,0.31,0.012,0.701,0.722,-0.021,0.476,0.479,-0.003,0.0030000000000000027,0.02100000000000002
"Guerrero Jr., Vladimir",665489,2024,697,524,0.323,0.32,0.003,0.544,0.567,-0.0229999999999999,0.398,0.408,-0.0099999999999999,0.009999999999999953,0.02299999999999991
"De La Cruz, Elly",682829,2024,696,403,0.259,0.24,0.019,0.471,0.427,0.0439999999999999,0.349,0.327,0.0219999999999999,-0.021999999999999964,-0.043999999999999984
"Alonso, Pete",624413,2024,695,440,0.24,0.242,-0.002,0.459,0.461,-0.002,0.34,0.343,-0.003,0.0030000000000000027,0.0020000000000000018
"Tovar, Ezequiel",678662,2024,695,467,0.269,0.233,0.036,0.469,0.4,0.0689999999999999,0.324,0.288,0.036,-0.03600000000000003,-0.06899999999999995
"Schwarber, Kyle",656941,2024,692,384,0.248,0.256,-0.008,0.485,0.511,-0.026,0.366,0.38,-0.014,0.014000000000000012,0.026000000000000023
"Reynolds, Bryan",668804,2024,692,469,0.275,0.27,0.005,0.447,0.463,-0.016,0.343,0.35,-0.0069999999999999,0.006999999999999951,0.016000000000000014
"Lindor, Francisco",596019,2024,689,494,0.273,0.283,-0.0099999999999999,0.5,0.528,-0.028,0.363,0.379,-0.016,0.016000000000000014,0.028000000000000025
"Volpe, Anthony",683011,2024,689,486,0.243,0.234,0.0089999999999999,0.364,0.328,0.0359999999999999,0.287,0.275,0.0119999999999999,-0.011999999999999955,-0.035999999999999976
"Adames, Willy",642715,2024,688,440,0.251,0.243,0.008,0.462,0.461,0.001,0.342,0.339,0.003,-0.0030000000000000027,-0.0010000000000000009
"Ozuna, Marcell",542303,2024,688,440,0.302,0.286,0.016,0.546,0.572,-0.0259999999999999,0.395,0.402,-0.007,0.007000000000000006,0.025999999999999912
"Olson, Matt",621566,2024,685,435,0.247,0.247,0.0,0.457,0.447,0.01,0.339,0.34,-0.001,0.0010000000000000009,-0.010000000000000009
"Carroll, Corbin",682998,2024,684,471,0.231,0.241,-0.0099999999999999,0.428,0.392,0.0359999999999999,0.325,0.325,0.0,0.0,-0.035999999999999976
"Altuve, Jose",514888,2024,682,509,0.295,0.263,0.0319999999999999,0.439,0.4,0.0389999999999999,0.344,0.317,0.0269999999999999,-0.02699999999999997,-0.03899999999999998
"Ramírez, José",608070,2024,682,544,0.279,0.259,0.02,0.537,0.452,0.085,0.364,0.329,0.0349999999999999,-0.034999999999999976,-0.08500000000000002
"Contreras, William",661388,2024,679,459,0.281,0.27,0.011,0.466,0.471,-0.0049999999999999,0.359,0.358,0.001,-0.0010000000000000009,0.004999999999999949
"Arraez, Luis",650333,2024,672,611,0.314,0.31,0.004,0.392,0.4,-0.008,0.323,0.325,-0.002,0.0020000000000000018,0.008000000000000007
"Profar, Jurickson",595777,2024,668,473,0.28,0.282,-0.0019999999999999,0.459,0.445,0.014,0.365,0.364,0.001,-0.0010000000000000009,-0.014000000000000012
"Torres, Gleyber",650402,2024,665,461,0.257,0.24,0.017,0.378,0.367,0.011,0.313,0.306,0.007,-0.007000000000000006,-0.01100000000000001
"Santander, Anthony",623993,2024,665,471,0.235,0.228,0.0069999999999999,0.506,0.445,0.061,0.345,0.324,0.0209999999999999,-0.020999999999999963,-0.061
"Nimmo, Brandon",607043,2024,663,416,0.224,0.244,-0.0199999999999999,0.399,0.408,-0.0089999999999999,0.321,0.334,-0.013,0.013000000000000012,0.008999999999999952
"Ward, Taylor",621493,2024,663,430,0.246,0.251,-0.005,0.426,0.458,-0.032,0.325,0.344,-0.0189999999999999,0.01899999999999996,0.03200000000000003
"Castellanos, Nick",592206,2024,659,469,0.254,0.27,-0.016,0.431,0.441,-0.01,0.321,0.333,-0.012,0.01200000000000001,0.010000000000000009
"Happ, Ian",664023,2024,657,403,0.243,0.243,0.0,0.441,0.446,-0.005,0.341,0.345,-0.0039999999999999,0.003999999999999948,0.0050000000000000044
"Cronenworth, Jake",630105,2024,656,463,0.241,0.259,-0.018,0.39,0.421,-0.0309999999999999,0.315,0.335,-0.02,0.020000000000000018,0.030999999999999972
"Steer, Spencer",668715,2024,656,439,0.225,0.235,-0.0099999999999999,0.402,0.379,0.023,0.316,0.315,0.001,-0.0010000000000000009,-0.02300000000000002
"Goldschmidt, Paul",502671,2024,654,428,0.245,0.255,-0.01,0.414,0.451,-0.037,0.31,0.329,-0.019,0.019000000000000017,0.03700000000000003
"Perez, Salvador",521692,2024,652,467,0.271,0.275,-0.004,0.456,0.522,-0.066,0.335,0.361,-0.0259999999999999,0.025999999999999968,0.066
"Donovan, Brendan",680977,2024,652,511,0.278,0.278,0.0,0.417,0.42,-0.003,0.332,0.336,-0.004,0.0040000000000000036,0.0030000000000000027
"Hernández, Teoscar",606192,2024,652,402,0.272,0.249,0.023,0.501,0.485,0.016,0.36,0.345,0.015,-0.015000000000000013,-0.016000000000000014
"Peña, Jeremy",665161,2024,650,500,0.266,0.264,0.002,0.394,0.395,-0.001,0.305,0.31,-0.005,0.0050000000000000044,0.0010000000000000009
"Arozarena, Randy",668227,2024,648,384,0.219,0.216,0.003,0.388,0.377,0.011,0.32,0.321,-0.001,0.0010000000000000009,-0.01100000000000001
"Chapman, Matt",656305,2024,647,419,0.247,0.25,-0.003,0.463,0.451,0.012,0.34,0.341,-0.001,0.0010000000000000009,-0.01200000000000001
"McMahon, Ryan",641857,2024,645,386,0.242,0.243,-0.001,0.397,0.413,-0.0159999999999999,0.315,0.324,-0.009,0.009000000000000008,0.01599999999999996
"Machado, Manny",592518,2024,643,473,0.275,0.271,0.004,0.472,0.46,0.0119999999999999,0.34,0.338,0.002,-0.0020000000000000018,-0.011999999999999955
"Bleday, JJ",668709,2024,642,448,0.243,0.24,0.003,0.437,0.397,0.0399999999999999,0.33,0.316,0.014,-0.014000000000000012,-0.03999999999999998
"Paredes, Isaac",670623,2024,641,443,0.238,0.22,0.0179999999999999,0.393,0.337,0.0559999999999999,0.327,0.304,0.023,-0.02300000000000002,-0.055999999999999994
"Hoerner, Nico",663538,2024,641,519,0.273,0.28,-0.007,0.373,0.353,0.02,0.313,0.313,0.0,0.0,-0.020000000000000018
"Suárez, Eugenio",553993,2024,640,406,0.256,0.246,0.01,0.469,0.447,0.0219999999999999,0.337,0.329,0.008,-0.008000000000000007,-0.021999999999999964
"Freeman, Freddie",518692,2024,638,450,0.282,0.276,0.0059999999999999,0.476,0.464,0.0119999999999999,0.365,0.365,0.0,0.0,-0.011999999999999955
"Rutschman, Adley",668939,2024,638,475,0.25,0.255,-0.005,0.391,0.392,-0.001,0.309,0.315,-0.006,0.006000000000000005,0.0010000000000000009
"Winn, Masyn",691026,2024,637,486,0.267,0.256,0.011,0.416,0.358,0.0579999999999999,0.315,0.294,0.021,-0.02100000000000002,-0.057999999999999996
"India, Jonathan",663697,2024,637,417,0.248,0.266,-0.018,0.392,0.412,-0.0199999999999999,0.333,0.353,-0.0199999999999999,0.019999999999999962,0.019999999999999962
"García, Adolis",666969,2024,637,409,0.224,0.227,-0.003,0.4,0.413,-0.0129999999999999,0.296,0.306,-0.01,0.010000000000000009,0.012999999999999956
"Arenado, Nolan",571448,2024,635,493,0.272,0.255,0.017,0.394,0.356,0.038,0.314,0.296,0.018,-0.018000000000000016,-0.038000000000000034
"Alvarez, Yordan",670541,2024,635,461,0.308,0.303,0.005,0.567,0.593,-0.026,0.402,0.41,-0.0079999999999999,0.007999999999999952,0.026000000000000023
"Castro, Willi",650489,2024,635,413,0.247,0.245,0.002,0.385,0.382,0.003,0.317,0.321,-0.004,0.0040000000000000036,-0.0030000000000000027
"Bregman, Alex",608324,2024,634,499,0.26,0.257,0.003,0.453,0.418,0.035,0.331,0.32,0.011,-0.01100000000000001,-0.03500000000000003
"Giménez, Andrés",665926,2024,633,495,0.252,0.262,-0.01,0.34,0.356,-0.0159999999999999,0.281,0.297,-0.0159999999999999,0.01599999999999996,0.01599999999999996
"Naylor, Josh",647304,2024,633,462,0.243,0.257,-0.014,0.456,0.443,0.013,0.332,0.335,-0.003,0.0030000000000000027,-0.013000000000000012
"Harper, Bryce",547180,2024,631,415,0.285,0.267,0.0179999999999999,0.525,0.472,0.053,0.38,0.356,0.024,-0.02400000000000002,-0.05300000000000005
"Raleigh, Cal",663728,2024,628,376,0.22,0.233,-0.013,0.436,0.476,-0.0399999999999999,0.323,0.346,-0.0229999999999999,0.022999999999999965,0.03999999999999998
"Garcia, Maikel",672580,2024,626,481,0.231,0.26,-0.0289999999999999,0.332,0.366,-0.0339999999999999,0.27,0.3,-0.0299999999999999,0.02999999999999997,0.033999999999999975
"De La Cruz, Bryan",650559,2024,622,419,0.233,0.242,-0.0089999999999999,0.384,0.418,-0.0339999999999999,0.283,0.301,-0.018,0.018000000000000016,0.033999999999999975
"Díaz, Yandy",650490,2024,621,472,0.281,0.277,0.004,0.414,0.423,-0.009,0.331,0.336,-0.005,0.0050000000000000044,0.009000000000000008
"Verdugo, Alex",657077,2024,621,478,0.233,0.25,-0.0169999999999999,0.356,0.373,-0.017,0.283,0.302,-0.019,0.019000000000000017,0.017000000000000015
"Chisholm Jr., Jazz",665862,2024,621,412,0.256,0.24,0.016,0.436,0.415,0.021,0.327,0.316,0.011,-0.01100000000000001,-0.02100000000000002
"Turang, Brice",668930,2024,619,462,0.254,0.261,-0.007,0.349,0.34,0.0089999999999999,0.294,0.298,-0.004,0.0040000000000000036,-0.008999999999999952
"Diaz, Yainer",673237,2024,619,486,0.299,0.299,0.0,0.441,0.457,-0.016,0.329,0.338,-0.009,0.009000000000000008,0.016000000000000014
"Vaughn, Andrew",683734,2024,619,443,0.246,0.244,0.002,0.402,0.44,-0.0379999999999999,0.304,0.32,-0.016,0.016000000000000014,0.03799999999999998
"Rooker, Brent",667670,2024,614,373,0.293,0.266,0.0269999999999999,0.562,0.556,0.006,0.392,0.379,0.013,-0.013000000000000012,-0.006000000000000005
"Springer, George",543807,2024,614,432,0.22,0.243,-0.0229999999999999,0.371,0.401,-0.03,0.298,0.321,-0.023,0.02300000000000002,0.030000000000000027
"Rodríguez, Julio",677594,2024,613,413,0.273,0.275,-0.002,0.409,0.463,-0.054,0.321,0.344,-0.0229999999999999,0.022999999999999965,0.05400000000000005
"Morel, Christopher",666624,2024,611,381,0.196,0.225,-0.0289999999999999,0.346,0.399,-0.053,0.28,0.316,-0.0359999999999999,0.035999999999999976,0.05300000000000005
"Schanuel, Nolan",694384,2024,607,426,0.25,0.254,-0.004,0.362,0.355,0.007,0.315,0.318,-0.003,0.0030000000000000027,-0.007000000000000006
"Bohm, Alec",664761,2024,606,474,0.28,0.289,-0.0089999999999999,0.448,0.446,0.002,0.335,0.343,-0.008,0.008000000000000007,-0.0020000000000000018
"Bell, Josh",605137,2024,603,421,0.249,0.235,0.014,0.405,0.392,0.013,0.317,0.307,0.01,-0.010000000000000009,-0.013000000000000012
"Doyle, Brenton",686668,2024,603,401,0.26,0.253,0.007,0.446,0.435,0.011,0.328,0.328,0.0,0.0,-0.01100000000000001
"Arcia, Orlando",606115,2024,602,431,0.218,0.206,0.012,0.354,0.324,0.0299999999999999,0.273,0.261,0.012,-0.01200000000000001,-0.02999999999999997
"Abrams, CJ",682928,2024,602,418,0.246,0.247,-0.001,0.433,0.408,0.025,0.322,0.319,0.003,-0.0030000000000000027,-0.025000000000000022
"Neto, Zach",687263,2024,602,407,0.249,0.236,0.013,0.443,0.413,0.03,0.33,0.317,0.013,-0.013000000000000012,-0.030000000000000027
"Devers, Rafael",646240,2024,601,384,0.272,0.272,0.0,0.516,0.508,0.008,0.364,0.364,0.0,0.0,-0.008000000000000007
"Cruz, Oneil",665833,2024,599,364,0.259,0.262,-0.003,0.449,0.461,-0.012,0.331,0.34,-0.009,0.009000000000000008,0.01200000000000001
"Burleson, Alec",676475,2024,595,478,0.269,0.273,-0.004,0.42,0.435,-0.015,0.319,0.328,-0.009,0.009000000000000008,0.015000000000000013
"Santana, Carlos",467793,2024,594,424,0.238,0.246,-0.008,0.42,0.415,0.005,0.326,0.329,-0.003,0.0030000000000000027,-0.0050000000000000044
"Swanson, Dansby",621020,2024,593,393,0.242,0.244,-0.002,0.39,0.416,-0.0259999999999999,0.307,0.321,-0.014,0.014000000000000012,0.025999999999999968
"Merrill, Jackson",701538,2024,593,462,0.292,0.303,-0.011,0.5,0.534,-0.034,0.352,0.372,-0.02,0.020000000000000018,0.03400000000000003
"Smith, Josh",669701,2024,592,407,0.258,0.242,0.016,0.394,0.352,0.042,0.323,0.304,0.019,-0.019000000000000017,-0.04200000000000004
"Suzuki, Seiya",673548,2024,585,356,0.283,0.255,0.0279999999999999,0.482,0.454,0.0279999999999999,0.365,0.346,0.019,-0.019000000000000017,-0.02799999999999997
"Greene, Riley",682985,2024,584,358,0.262,0.253,0.009,0.479,0.478,0.001,0.355,0.353,0.002,-0.0020000000000000018,-0.0010000000000000009
"Marte, Ketel",606466,2024,583,407,0.292,0.294,-0.002,0.56,0.538,0.022,0.391,0.392,-0.001,0.0010000000000000009,-0.02200000000000002
"Burger, Jake",669394,2024,579,389,0.25,0.256,-0.006,0.46,0.476,-0.0159999999999999,0.325,0.338,-0.013,0.013000000000000012,0.01599999999999996
"Soler, Jorge",624585,2024,574,356,0.241,0.245,-0.004,0.442,0.447,-0.005,0.34,0.346,-0.0059999999999999,0.00599999999999995,0.0050000000000000044
"Chourio, Jackson",694192,2024,573,410,0.275,0.269,0.006,0.464,0.424,0.04,0.339,0.323,0.016,-0.016000000000000014,-0.040000000000000036
"Rafaela, Ceddanne",678882,2024,571,398,0.246,0.229,0.0169999999999999,0.39,0.368,0.022,0.286,0.274,0.0119999999999999,-0.011999999999999955,-0.02200000000000002
"Stott, Bryson",681082,2024,571,422,0.245,0.254,-0.009,0.356,0.362,-0.006,0.296,0.306,-0.01,0.010000000000000009,0.006000000000000005
"Bellinger, Cody",641355,2024,569,432,0.266,0.242,0.024,0.426,0.39,0.0359999999999999,0.322,0.301,0.021,-0.02100000000000002,-0.035999999999999976
"Busch, Michael",683737,2024,567,338,0.248,0.217,0.031,0.44,0.419,0.021,0.336,0.319,0.017,-0.017000000000000015,-0.02100000000000002
"Vierling, Matt",663837,2024,567,402,0.257,0.256,0.001,0.423,0.393,0.0299999999999999,0.317,0.31,0.007,-0.007000000000000006,-0.02999999999999997
"Lowe, Nathaniel",663993,2024,565,365,0.265,0.252,0.013,0.401,0.381,0.02,0.337,0.329,0.008,-0.008000000000000007,-0.020000000000000018
"Cowser, Colton",681297,2024,561,330,0.242,0.231,0.0109999999999999,0.447,0.438,0.009,0.331,0.327,0.004,-0.0040000000000000036,-0.009000000000000008
"Langford, Wyatt",694671,2024,557,387,0.253,0.254,-0.001,0.415,0.423,-0.008,0.321,0.328,-0.007,0.007000000000000006,0.008000000000000007
"Keith, Colt",690993,2024,556,408,0.26,0.266,-0.006,0.38,0.392,-0.012,0.301,0.31,-0.009,0.009000000000000008,0.01200000000000001
"Pasquantino, Vinnie",686469,2024,554,439,0.262,0.266,-0.004,0.446,0.439,0.007,0.325,0.331,-0.006,0.006000000000000005,-0.007000000000000006
"Gurriel Jr., Lourdes",666971,2024,553,417,0.279,0.267,0.012,0.435,0.421,0.014,0.327,0.319,0.008,-0.008000000000000007,-0.014000000000000012
"Walker, Christian",572233,2024,552,354,0.251,0.246,0.005,0.468,0.457,0.011,0.343,0.351,-0.0079999999999999,0.007999999999999952,-0.01100000000000001
"Gelof, Zack",680869,2024,547,317,0.211,0.199,0.0119999999999999,0.362,0.347,0.015,0.276,0.271,0.005,-0.0050000000000000044,-0.015000000000000013
"Smith, Will",669257,2024,544,379,0.248,0.239,0.009,0.433,0.443,-0.01,0.326,0.331,-0.005,0.0050000000000000044,0.010000000000000009
"Kwan, Steven",680757,2024,540,431,0.292,0.284,0.008,0.425,0.385,0.0399999999999999,0.349,0.334,0.0149999999999999,-0.014999999999999958,-0.03999999999999998
"Rodgers, Brendan",663898,2024,539,372,0.267,0.248,0.019,0.407,0.378,0.0289999999999999,0.314,0.296,0.018,-0.018000000000000016,-0.02899999999999997
"Turner, Trea",607208,2024,539,408,0.295,0.263,0.0319999999999999,0.469,0.418,0.0509999999999999,0.349,0.317,0.0319999999999999,-0.03199999999999997,-0.05099999999999999
"Turner, Justin",457759,2024,539,372,0.259,0.252,0.007,0.383,0.383,0.0,0.327,0.328,-0.001,0.0010000000000000009,0.0
"Sánchez, Jesús",660821,2024,537,352,0.252,0.263,-0.011,0.417,0.467,-0.05,0.317,0.342,-0.025,0.025000000000000022,0.050000000000000044
"France, Ty",664034,2024,535,370,0.234,0.228,0.006,0.365,0.386,-0.021,0.296,0.303,-0.007,0.007000000000000006,0.02100000000000002
"Langeliers, Shea",669127,2024,534,343,0.224,0.241,-0.0169999999999999,0.45,0.456,-0.006,0.315,0.328,-0.013,0.013000000000000012,0.006000000000000005
"Seager, Corey",608369,2024,533,381,0.278,0.286,-0.0079999999999999,0.512,0.557,-0.045,0.365,0.387,-0.022,0.02200000000000002,0.04500000000000004
"Taveras, Leody",665750,2024,529,375,0.229,0.24,-0.0109999999999999,0.352,0.368,-0.016,0.282,0.295,-0.013,0.013000000000000012,0.016000000000000014
"García Jr., Luis",671277,2024,528,415,0.282,0.279,0.0029999999999999,0.444,0.453,-0.009,0.328,0.332,-0.004,0.0040000000000000036,0.009000000000000008
"Thomas, Lane",657041,2024,528,340,0.237,0.242,-0.005,0.4,0.377,0.023,0.309,0.307,0.002,-0.0020000000000000018,-0.02300000000000002
"Frelick, Sal",686217,2024,524,400,0.259,0.246,0.013,0.335,0.304,0.031,0.292,0.278,0.0139999999999999,-0.013999999999999957,-0.031000000000000028
"Benintendi, Andrew",643217,2024,522,384,0.229,0.243,-0.0139999999999999,0.396,0.389,0.007,0.298,0.302,-0.004,0.0040000000000000036,-0.007000000000000006
"O'Hoppe, Logan",681351,2024,522,326,0.244,0.251,-0.007,0.409,0.454,-0.045,0.311,0.331,-0.02,0.020000000000000018,0.04500000000000004
"Young, Jacob",696285,2024,521,377,0.256,0.253,0.003,0.331,0.317,0.014,0.29,0.286,0.004,-0.0040000000000000036,-0.014000000000000012
"Ramos, Heliot",671218,2024,518,344,0.269,0.25,0.019,0.469,0.481,-0.012,0.339,0.338,0.001,-0.0010000000000000009,0.01200000000000001
"Hoskins, Rhys",656555,2024,517,306,0.214,0.202,0.0119999999999999,0.419,0.387,0.0319999999999999,0.313,0.301,0.012,-0.01200000000000001,-0.03199999999999997
"Betts, Mookie",605141,2024,516,397,0.289,0.283,0.006,0.491,0.448,0.0429999999999999,0.371,0.357,0.014,-0.014000000000000012,-0.04299999999999998
"Stephenson, Tyler",663886,2024,515,342,0.258,0.241,0.017,0.444,0.403,0.0409999999999999,0.339,0.322,0.017,-0.017000000000000015,-0.04099999999999998
"McCutchen, Andrew",457705,2024,515,317,0.232,0.224,0.008,0.411,0.418,-0.007,0.325,0.325,0.0,0.0,0.007000000000000006
"Varsho, Daulton",662139,2024,513,324,0.214,0.186,0.0279999999999999,0.407,0.316,0.0909999999999999,0.304,0.261,0.0429999999999999,-0.04299999999999998,-0.09099999999999997
"Meyers, Jake",676694,2024,513,351,0.219,0.235,-0.0159999999999999,0.36,0.381,-0.021,0.285,0.303,-0.018,0.018000000000000016,0.02100000000000002
"Ortiz, Joey",687401,2024,511,346,0.239,0.234,0.0049999999999999,0.398,0.342,0.0559999999999999,0.319,0.305,0.014,-0.014000000000000012,-0.055999999999999994
"Winker, Jesse",608385,2024,508,329,0.253,0.246,0.007,0.405,0.385,0.02,0.338,0.329,0.009,-0.009000000000000008,-0.020000000000000018
"Mountcastle, Ryan",663624,2024,507,365,0.271,0.272,-0.001,0.425,0.445,-0.02,0.316,0.332,-0.016,0.016000000000000014,0.020000000000000018
"Sheets, Gavin",657757,2024,501,348,0.233,0.251,-0.0179999999999999,0.357,0.38,-0.023,0.291,0.309,-0.018,0.018000000000000016,0.02300000000000002
"Mullins, Cedric",656775,2024,499,350,0.234,0.227,0.007,0.405,0.355,0.05,0.31,0.291,0.019,-0.019000000000000017,-0.050000000000000044
"Blackmon, Charlie",453568,2024,499,364,0.256,0.249,0.007,0.412,0.365,0.0469999999999999,0.323,0.305,0.018,-0.018000000000000016,-0.046999999999999986
"Kiner-Falefa, Isiah",643396,2024,496,392,0.269,0.252,0.017,0.376,0.347,0.029,0.299,0.284,0.015,-0.015000000000000013,-0.029000000000000026
"Martinez, J.D.",502110,2024,495,295,0.235,0.256,-0.021,0.406,0.471,-0.0649999999999999,0.318,0.351,-0.0329999999999999,0.032999999999999974,0.06499999999999995
"McCarthy, Jake",664983,2024,495,372,0.285,0.265,0.0199999999999999,0.4,0.358,0.042,0.329,0.311,0.018,-0.018000000000000016,-0.04200000000000004
"O'Hearn, Ryan",656811,2024,494,377,0.264,0.277,-0.013,0.427,0.461,-0.034,0.33,0.351,-0.0209999999999999,0.020999999999999963,0.03400000000000003
"Heim, Jonah",641680,2024,491,371,0.22,0.228,-0.008,0.336,0.355,-0.0189999999999999,0.265,0.277,-0.012,0.01200000000000001,0.01899999999999996
"Conforto, Michael",624424,2024,488,323,0.237,0.257,-0.02,0.45,0.48,-0.0299999999999999,0.327,0.351,-0.0239999999999999,0.023999999999999966,0.02999999999999997
"Wong, Connor",657136,2024,487,336,0.28,0.231,0.049,0.425,0.354,0.071,0.33,0.287,0.043,-0.04300000000000004,-0.07100000000000001
"Lux, Gavin",666158,2024,487,331,0.251,0.255,-0.004,0.383,0.382,0.001,0.31,0.315,-0.005,0.0050000000000000044,-0.0010000000000000009
"Ruiz, Keibert",660688,2024,485,410,0.229,0.251,-0.0219999999999999,0.359,0.35,0.009,0.268,0.279,-0.011,0.01100000000000001,-0.009000000000000008
"Caballero, José",676609,2024,483,314,0.227,0.213,0.014,0.347,0.311,0.0359999999999999,0.277,0.263,0.014,-0.014000000000000012,-0.035999999999999976
"DeJong, Paul",657557,2024,482,294,0.227,0.219,0.008,0.427,0.396,0.0309999999999999,0.302,0.291,0.011,-0.01100000000000001,-0.030999999999999972
"Pham, Tommy",502054,2024,478,335,0.248,0.263,-0.015,0.368,0.407,-0.0389999999999999,0.297,0.319,-0.022,0.02200000000000002,0.03899999999999998
"Rojas, Josh",668942,2024,476,317,0.225,0.223,0.002,0.336,0.35,-0.0139999999999999,0.286,0.293,-0.007,0.007000000000000006,0.013999999999999957
"Marsh, Brandon",669016,2024,476,270,0.249,0.236,0.013,0.419,0.406,0.0129999999999999,0.326,0.324,0.002,-0.0020000000000000018,-0.012999999999999956
"Yastrzemski, Mike",573262,2024,474,306,0.231,0.219,0.012,0.437,0.396,0.0409999999999999,0.319,0.301,0.018,-0.018000000000000016,-0.04099999999999998
"O'Neill, Tyler",641933,2024,473,254,0.241,0.213,0.0279999999999999,0.511,0.48,0.031,0.36,0.339,0.0209999999999999,-0.020999999999999963,-0.031000000000000028
"McNeil, Jeff",643446,2024,472,360,0.238,0.234,0.0039999999999999,0.384,0.336,0.0479999999999999,0.304,0.288,0.016,-0.016000000000000014,-0.04799999999999999
"Harris II, Michael",671739,2024,470,349,0.264,0.284,-0.0199999999999999,0.418,0.462,-0.044,0.312,0.344,-0.0319999999999999,0.03199999999999997,0.04400000000000004
"Kim, Ha-Seong",673490,2024,470,333,0.233,0.245,-0.0119999999999999,0.37,0.351,0.019,0.308,0.313,-0.005,0.0050000000000000044,-0.019000000000000017
"Riley, Austin",663586,2024,469,309,0.256,0.267,-0.011,0.461,0.507,-0.0459999999999999,0.338,0.362,-0.0239999999999999,0.023999999999999966,0.045999999999999985
"Polanco, Jorge",593871,2024,468,281,0.214,0.226,-0.012,0.356,0.397,-0.041,0.288,0.308,-0.02,0.020000000000000018,0.041000000000000036
"Jeffers, Ryan",680777,2024,465,325,0.226,0.227,-0.001,0.432,0.386,0.0459999999999999,0.317,0.304,0.013,-0.013000000000000012,-0.045999999999999985
"Bogaerts, Xander",593428,2024,463,355,0.264,0.262,0.002,0.381,0.382,-0.001,0.3,0.306,-0.006,0.006000000000000005,0.0010000000000000009
"Candelario, Jeimer",600869,2024,463,316,0.225,0.221,0.004,0.429,0.363,0.066,0.304,0.28,0.0239999999999999,-0.023999999999999966,-0.066
"Canha, Mark",592192,2024,462,302,0.242,0.212,0.03,0.346,0.305,0.0409999999999999,0.31,0.288,0.022,-0.02200000000000002,-0.04099999999999998
"Urshela, Gio",570482,2024,461,365,0.25,0.264,-0.014,0.361,0.39,-0.029,0.281,0.302,-0.0209999999999999,0.020999999999999963,0.029000000000000026
"Stanton, Giancarlo",519317,2024,459,276,0.233,0.246,-0.0129999999999999,0.475,0.506,-0.031,0.33,0.35,-0.0199999999999999,0.019999999999999962,0.031000000000000028
"Schuemann, Max",680474,2024,459,286,0.22,0.222,-0.002,0.308,0.338,-0.03,0.281,0.296,-0.0149999999999999,0.014999999999999958,0.030000000000000027
"Toglia, Michael",669911,2024,458,255,0.218,0.244,-0.0259999999999999,0.456,0.504,-0.0479999999999999,0.329,0.359,-0.0299999999999999,0.02999999999999997,0.04799999999999999
"Raley, Luke",670042,2024,455,273,0.243,0.22,0.0229999999999999,0.463,0.418,0.045,0.339,0.316,0.023,-0.02300000000000002,-0.04500000000000004
"Schneider, Davis",676914,2024,454,258,0.191,0.198,-0.007,0.343,0.357,-0.0139999999999999,0.277,0.291,-0.0139999999999999,0.013999999999999957,0.013999999999999957
"Vientos, Mark",668901,2024,454,283,0.266,0.245,0.021,0.516,0.463,0.0529999999999999,0.356,0.331,0.0249999999999999,-0.024999999999999967,-0.05299999999999999
"Clement, Ernie",676391,2024,452,397,0.263,0.256,0.007,0.408,0.377,0.0309999999999999,0.297,0.285,0.012,-0.01200000000000001,-0.030999999999999972
"Adell, Jo",666176,2024,451,282,0.207,0.224,-0.017,0.402,0.417,-0.0149999999999999,0.296,0.312,-0.016,0.016000000000000014,0.014999999999999958
"Butler, Lawrence",671732,2024,451,308,0.262,0.258,0.004,0.49,0.467,0.0229999999999999,0.345,0.339,0.0059999999999999,-0.00599999999999995,-0.022999999999999965
"Melendez, MJ",669004,2024,451,299,0.206,0.239,-0.033,0.4,0.425,-0.0249999999999999,0.292,0.317,-0.025,0.025000000000000022,0.024999999999999967
"Crawford, J.P.",641487,2024,451,291,0.202,0.227,-0.0249999999999999,0.321,0.362,-0.0409999999999999,0.283,0.309,-0.026,0.026000000000000023,0.04099999999999998
"Pederson, Joc",592626,2024,449,266,0.275,0.261,0.014,0.515,0.477,0.038,0.391,0.376,0.015,-0.015000000000000013,-0.038000000000000034
"Kelenic, Jarred",672284,2024,449,283,0.231,0.241,-0.0099999999999999,0.393,0.412,-0.0189999999999999,0.294,0.308,-0.014,0.014000000000000012,0.01899999999999996
"Bailey, Patrick",672275,2024,448,309,0.234,0.258,-0.0239999999999999,0.339,0.398,-0.059,0.281,0.319,-0.0379999999999999,0.03799999999999998,0.059
"Siri, Jose",642350,2024,448,238,0.187,0.2,-0.013,0.366,0.41,-0.0439999999999999,0.271,0.297,-0.0259999999999999,0.025999999999999968,0.043999999999999984
"Westburg, Jordan",676059,2024,447,321,0.264,0.281,-0.017,0.481,0.49,-0.009,0.34,0.353,-0.0129999999999999,0.012999999999999956,0.009000000000000008
"Abreu, Wilyer",677800,2024,447,279,0.253,0.231,0.0219999999999999,0.459,0.42,0.039,0.336,0.319,0.017,-0.017000000000000015,-0.039000000000000035
"Triolo, Jared",669707,2024,446,281,0.216,0.227,-0.011,0.315,0.335,-0.02,0.275,0.291,-0.0159999999999999,0.01599999999999996,0.020000000000000018
"Lopez, Nicky",670032,2024,445,337,0.241,0.227,0.0139999999999999,0.294,0.287,0.007,0.275,0.268,0.007,-0.007000000000000006,-0.007000000000000006
"Pages, Andy",681624,2024,443,299,0.248,0.251,-0.003,0.407,0.423,-0.016,0.31,0.322,-0.012,0.01200000000000001,0.016000000000000014
"Rocchio, Brayan",677587,2024,442,300,0.206,0.21,-0.004,0.316,0.302,0.014,0.276,0.275,0.001,-0.0010000000000000009,-0.014000000000000012
"Moore, Dylan",664238,2024,441,251,0.201,0.2,0.001,0.367,0.325,0.0419999999999999,0.306,0.297,0.009,-0.009000000000000008,-0.04199999999999998
"Tatis Jr., Fernando",665487,2024,438,303,0.276,0.297,-0.0209999999999999,0.492,0.538,-0.046,0.359,0.387,-0.028,0.028000000000000025,0.04600000000000004
"Bader, Harrison",664056,2024,437,313,0.236,0.242,-0.006,0.373,0.378,-0.005,0.285,0.295,-0.01,0.010000000000000009,0.0050000000000000044
"Albies, Ozzie",645277,2024,435,338,0.251,0.246,0.005,0.404,0.386,0.018,0.307,0.302,0.005,-0.0050000000000000044,-0.018000000000000016
"Lopez, Otto",672640,2024,434,332,0.27,0.274,-0.004,0.377,0.395,-0.018,0.302,0.313,-0.011,0.01100000000000001,0.018000000000000016
"Perkins, Blake",663368,2024,434,281,0.24,0.218,0.0219999999999999,0.332,0.312,0.02,0.288,0.276,0.0119999999999999,-0.011999999999999955,-0.020000000000000018
"Garver, Mitch",641598,2024,430,237,0.172,0.18,-0.008,0.341,0.334,0.007,0.281,0.285,-0.0039999999999999,0.003999999999999948,-0.007000000000000006
"Miranda, Jose",669304,2024,429,339,0.284,0.258,0.0259999999999999,0.441,0.398,0.0429999999999999,0.328,0.305,0.023,-0.02300000000000002,-0.04299999999999998
"Dubón, Mauricio",643289,2024,428,355,0.269,0.248,0.021,0.361,0.331,0.0299999999999999,0.286,0.272,0.0139999999999999,-0.013999999999999957,-0.02999999999999997
"Isbel, Kyle",664728,2024,426,306,0.229,0.233,-0.004,0.367,0.331,0.0359999999999999,0.286,0.28,0.0059999999999999,-0.00599999999999995,-0.035999999999999976
"Lowe, Brandon",664040,2024,425,275,0.244,0.252,-0.008,0.473,0.483,-0.01,0.335,0.344,-0.0089999999999999,0.008999999999999952,0.010000000000000009
"Pérez, Wenceel",672761,2024,425,300,0.242,0.241,0.001,0.383,0.354,0.029,0.299,0.291,0.008,-0.008000000000000007,-0.029000000000000026
"Robert Jr., Luis",673357,2024,425,253,0.224,0.212,0.012,0.379,0.367,0.012,0.285,0.279,0.0059999999999999,-0.00599999999999995,-0.01200000000000001
"Renfroe, Hunter",592669,2024,424,302,0.229,0.222,0.007,0.392,0.362,0.03,0.302,0.291,0.011,-0.01100000000000001,-0.030000000000000027
"Haniger, Mitch",571745,2024,423,255,0.208,0.216,-0.008,0.334,0.365,-0.0309999999999999,0.277,0.293,-0.0159999999999999,0.01599999999999996,0.030999999999999972
"Yoshida, Masataka",807799,2024,421,328,0.28,0.259,0.021,0.415,0.395,0.0199999999999999,0.336,0.323,0.013,-0.013000000000000012,-0.019999999999999962
"Tellez, Rowdy",642133,2024,421,299,0.243,0.237,0.006,0.392,0.394,-0.002,0.301,0.302,-0.001,0.0010000000000000009,0.0020000000000000018
"Moniak, Mickey",666160,2024,418,279,0.219,0.221,-0.002,0.38,0.379,0.001,0.281,0.282,-0.0009999999999999,0.0009999999999999454,-0.0010000000000000009
"Joe, Connor",656582,2024,416,275,0.228,0.206,0.022,0.368,0.308,0.06,0.305,0.277,0.0279999999999999,-0.02799999999999997,-0.06
"Wells, Austin",669224,2024,414,275,0.229,0.242,-0.0129999999999999,0.395,0.429,-0.0339999999999999,0.315,0.339,-0.024,0.02400000000000002,0.033999999999999975
"Realmuto, J.T.",592663,2024,413,279,0.266,0.268,-0.002,0.429,0.46,-0.031,0.326,0.34,-0.014,0.014000000000000012,0.031000000000000028
"Crow-Armstrong, Pete",691718,2024,410,285,0.237,0.223,0.0139999999999999,0.384,0.366,0.018,0.289,0.28,0.0089999999999999,-0.008999999999999952,-0.018000000000000016
"Singleton, Jon",572138,2024,405,247,0.234,0.228,0.006,0.386,0.382,0.004,0.312,0.31,0.002,-0.0020000000000000018,-0.0040000000000000036
"Nootbaar, Lars",663457,2024,405,273,0.244,0.264,-0.02,0.417,0.454,-0.037,0.331,0.354,-0.0229999999999999,0.022999999999999965,0.03700000000000003
"Gorman, Nolan",669357,2024,402,216,0.203,0.208,-0.0049999999999999,0.4,0.431,-0.0309999999999999,0.29,0.306,-0.016,0.016000000000000014,0.030999999999999972
"Wade Jr., LaMonte",664774,2024,401,245,0.26,0.259,0.001,0.381,0.428,-0.0469999999999999,0.337,0.354,-0.0169999999999999,0.01699999999999996,0.046999999999999986
"Larnach, Trevor",663616,2024,400,268,0.259,0.256,0.003,0.434,0.454,-0.02,0.336,0.342,-0.006,0.006000000000000005,0.020000000000000018
"Brown, Seth",664913,2024,400,261,0.231,0.232,-0.001,0.379,0.386,-0.007,0.289,0.294,-0.005,0.0050000000000000044,0.007000000000000006
"Kepler, Max",596146,2024,399,291,0.253,0.247,0.006,0.38,0.381,-0.001,0.298,0.302,-0.004,0.0040000000000000036,0.0010000000000000009
"Hayes, Ke'Bryan",663647,2024,396,294,0.233,0.244,-0.0109999999999999,0.29,0.325,-0.035,0.256,0.278,-0.022,0.02200000000000002,0.03500000000000003
"Lee, Korey",686676,2024,394,255,0.21,0.212,-0.002,0.347,0.339,0.0079999999999999,0.257,0.257,0.0,0.0,-0.007999999999999952
"Hernández, Enrique",571771,2024,393,289,0.229,0.233,-0.004,0.373,0.361,0.012,0.285,0.285,0.0,0.0,-0.01200000000000001
"Fry, David",681807,2024,392,255,0.263,0.248,0.015,0.448,0.397,0.0509999999999999,0.347,0.328,0.0189999999999999,-0.01899999999999996,-0.05099999999999999
"Espinal, Santiago",669289,2024,391,311,0.246,0.258,-0.012,0.356,0.344,0.012,0.285,0.289,-0.004,0.0040000000000000036,-0.01200000000000001
"Naylor, Bo",666310,2024,389,236,0.201,0.196,0.005,0.35,0.326,0.0239999999999999,0.269,0.259,0.01,-0.010000000000000009,-0.023999999999999966
"Benson, Will",666181,2024,388,192,0.187,0.18,0.007,0.376,0.333,0.0429999999999999,0.285,0.268,0.0169999999999999,-0.01699999999999996,-0.04299999999999998
"Buxton, Byron",621439,2024,388,258,0.279,0.264,0.015,0.524,0.501,0.023,0.366,0.353,0.013,-0.013000000000000012,-0.02300000000000002
"Perdomo, Geraldo",672695,2024,388,291,0.273,0.231,0.042,0.374,0.313,0.061,0.317,0.281,0.0359999999999999,-0.035999999999999976,-0.061
"Lowe, Josh",666139,2024,387,232,0.241,0.228,0.0129999999999999,0.391,0.388,0.003,0.299,0.295,0.004,-0.0040000000000000036,-0.0030000000000000027
"Gonzales, Nick",693304,2024,387,290,0.27,0.27,0.0,0.398,0.405,-0.007,0.307,0.316,-0.009,0.009000000000000008,0.007000000000000006
"Kirk, Alejandro",672386,2024,386,298,0.253,0.258,-0.005,0.359,0.392,-0.033,0.297,0.324,-0.027,0.027000000000000024,0.03300000000000003
"Freeman, Tyler",671289,2024,383,283,0.209,0.236,-0.0269999999999999,0.321,0.338,-0.017,0.283,0.302,-0.019,0.019000000000000017,0.017000000000000015
"Fraley, Jake",641584,2024,382,283,0.277,0.244,0.033,0.386,0.324,0.062,0.314,0.285,0.029,-0.029000000000000026,-0.062
"Horwitz, Spencer",687462,2024,381,262,0.265,0.253,0.012,0.433,0.418,0.015,0.344,0.337,0.0069999999999999,-0.006999999999999951,-0.015000000000000013
"Torkelson, Spencer",679529,2024,381,238,0.219,0.209,0.01,0.374,0.35,0.024,0.295,0.283,0.012,-0.01200000000000001,-0.02400000000000002
"Estrada, Thairo",642731,2024,381,290,0.217,0.226,-0.009,0.343,0.339,0.004,0.256,0.263,-0.007,0.007000000000000006,-0.0040000000000000036
"Rizzo, Anthony",519203,2024,375,274,0.228,0.239,-0.0109999999999999,0.335,0.34,-0.005,0.285,0.296,-0.011,0.01100000000000001,0.0050000000000000044
"Marte, Starling",516782,2024,370,259,0.269,0.287,-0.0179999999999999,0.388,0.425,-0.0369999999999999,0.313,0.337,-0.024,0.02400000000000002,0.03699999999999998
"Sosa, Lenyn",672820,2024,369,277,0.254,0.279,-0.025,0.359,0.419,-0.06,0.28,0.316,-0.0359999999999999,0.035999999999999976,0.06
"Fermin, Freddy",666023,2024,368,277,0.271,0.244,0.027,0.366,0.335,0.0309999999999999,0.3,0.279,0.0209999999999999,-0.020999999999999963,-0.030999999999999972
"Correa, Carlos",621043,2024,367,262,0.31,0.274,0.0359999999999999,0.517,0.45,0.067,0.385,0.355,0.03,-0.030000000000000027,-0.067
"Toro, Abraham",647351,2024,364,277,0.24,0.245,-0.005,0.35,0.367,-0.017,0.283,0.292,-0.009,0.009000000000000008,0.017000000000000015
"Amaya, Miguel",665804,2024,363,274,0.232,0.251,-0.0189999999999999,0.357,0.371,-0.014,0.283,0.3,-0.017,0.017000000000000015,0.014000000000000012
"Rojas, Johan",679032,2024,363,277,0.243,0.225,0.0179999999999999,0.322,0.293,0.029,0.265,0.25,0.015,-0.015000000000000013,-0.029000000000000026
"DeLuca, Jonny",676356,2024,362,257,0.217,0.23,-0.013,0.331,0.319,0.012,0.269,0.273,-0.004,0.0040000000000000036,-0.01200000000000001
"Drury, Brandon",592273,2024,360,247,0.169,0.202,-0.033,0.228,0.287,-0.0589999999999999,0.217,0.259,-0.042,0.04200000000000001,0.05899999999999997
"Contreras, Willson",575929,2024,358,205,0.262,0.259,0.003,0.468,0.456,0.012,0.37,0.365,0.005,-0.0050000000000000044,-0.01200000000000001
"Massey, Michael",686681,2024,356,282,0.259,0.258,0.001,0.449,0.413,0.036,0.317,0.309,0.008,-0.008000000000000007,-0.03600000000000003
"Brennan, Will",686823,2024,353,283,0.264,0.269,-0.005,0.388,0.374,0.014,0.303,0.302,0.001,-0.0010000000000000009,-0.014000000000000012
"Díaz, Elias",553869,2024,351,258,0.265,0.242,0.023,0.382,0.343,0.0389999999999999,0.303,0.28,0.0229999999999999,-0.022999999999999965,-0.03899999999999998
"Moreno, Gabriel",672515,2024,351,256,0.266,0.255,0.011,0.38,0.384,-0.004,0.325,0.325,0.0,0.0,0.0040000000000000036
"Tauchman, Mike",643565,2024,350,229,0.248,0.238,0.01,0.366,0.376,-0.01,0.325,0.326,-0.001,0.0010000000000000009,0.010000000000000009
"Jiménez, Eloy",650391,2024,349,255,0.238,0.248,-0.01,0.336,0.381,-0.0449999999999999,0.276,0.299,-0.0229999999999999,0.022999999999999965,0.044999999999999984
"Rosario, Amed",642708,2024,346,260,0.28,0.25,0.03,0.38,0.358,0.022,0.299,0.279,0.0199999999999999,-0.019999999999999962,-0.02200000000000002
"Cave, Jake",595909,2024,346,229,0.251,0.233,0.0179999999999999,0.396,0.356,0.04,0.295,0.277,0.0179999999999999,-0.01799999999999996,-0.040000000000000036
"Bauers, Jake",641343,2024,346,184,0.199,0.201,-0.002,0.361,0.379,-0.018,0.294,0.302,-0.008,0.008000000000000007,0.018000000000000016
"Taylor, Tyrone",621438,2024,345,241,0.248,0.249,-0.001,0.401,0.39,0.011,0.304,0.302,0.002,-0.0020000000000000018,-0.01100000000000001
"Margot, Manuel",622534,2024,343,265,0.238,0.261,-0.023,0.337,0.379,-0.0419999999999999,0.276,0.308,-0.0319999999999999,0.03199999999999997,0.04199999999999998
"Alvarez, Francisco",682626,2024,342,224,0.237,0.22,0.0169999999999999,0.403,0.359,0.044,0.31,0.289,0.021,-0.02100000000000002,-0.04400000000000004
"d'Arnaud, Travis",518595,2024,341,222,0.238,0.236,0.002,0.436,0.435,0.001,0.319,0.323,-0.004,0.0040000000000000036,-0.0010000000000000009
"Fitzgerald, Tyler",666149,2024,341,207,0.28,0.227,0.053,0.497,0.378,0.119,0.357,0.292,0.065,-0.065,-0.119
"Friedl, TJ",670770,2024,341,251,0.226,0.228,-0.002,0.38,0.317,0.063,0.305,0.292,0.013,-0.013000000000000012,-0.063
"Tucker, Kyle",663656,2024,339,225,0.289,0.279,0.0099999999999999,0.585,0.537,0.0479999999999999,0.419,0.401,0.0179999999999999,-0.01799999999999996,-0.04799999999999993
"Rojas, Miguel",500743,2024,337,277,0.283,0.279,0.0039999999999999,0.41,0.359,0.0509999999999999,0.327,0.31,0.017,-0.017000000000000015,-0.05099999999999999
"Rogers, Jake",668670,2024,337,213,0.197,0.218,-0.0209999999999999,0.352,0.412,-0.06,0.264,0.297,-0.0329999999999999,0.032999999999999974,0.06
"Wood, James",695578,2024,336,198,0.264,0.265,-0.001,0.427,0.435,-0.008,0.342,0.348,-0.0059999999999999,0.00599999999999995,0.008000000000000007
"Bichette, Bo",666182,2024,336,249,0.225,0.251,-0.0259999999999999,0.322,0.37,-0.0479999999999999,0.264,0.299,-0.0349999999999999,0.034999999999999976,0.04799999999999999
"Merrifield, Whit",593160,2024,335,245,0.222,0.242,-0.0199999999999999,0.314,0.317,-0.003,0.283,0.295,-0.012,0.01200000000000001,0.0030000000000000027
"Fortes, Nick",663743,2024,335,279,0.227,0.225,0.002,0.318,0.289,0.029,0.252,0.244,0.008,-0.008000000000000007,-0.029000000000000026
"Siani, Michael",672279,2024,334,218,0.228,0.205,0.023,0.285,0.265,0.0199999999999999,0.257,0.243,0.014,-0.014000000000000012,-0.019999999999999962
"Duvall, Adam",594807,2024,330,205,0.182,0.196,-0.014,0.323,0.386,-0.063,0.252,0.283,-0.0309999999999999,0.030999999999999972,0.063
"Rortvedt, Ben",666163,2024,328,202,0.228,0.203,0.0249999999999999,0.303,0.288,0.015,0.283,0.267,0.0159999999999999,-0.01599999999999996,-0.015000000000000013
"Cabrera, Oswaldo",665828,2024,326,241,0.247,0.248,-0.001,0.365,0.334,0.0309999999999999,0.29,0.285,0.005,-0.0050000000000000044,-0.030999999999999972
"McKinstry, Zach",656716,2024,325,230,0.215,0.238,-0.0229999999999999,0.337,0.365,-0.0279999999999999,0.27,0.295,-0.0249999999999999,0.024999999999999967,0.02799999999999997
"Lewis, Royce",668904,2024,325,223,0.233,0.242,-0.0089999999999999,0.452,0.431,0.021,0.317,0.317,0.0,0.0,-0.02100000000000002
"Jansen, Danny",643376,2024,324,220,0.205,0.201,0.0039999999999999,0.349,0.332,0.0169999999999999,0.294,0.289,0.005,-0.0050000000000000044,-0.01699999999999996
"Andujar, Miguel",609280,2024,319,261,0.285,0.26,0.0249999999999999,0.377,0.337,0.0399999999999999,0.306,0.282,0.024,-0.02400000000000002,-0.03999999999999998
"Rosario, Eddie",592696,2024,319,226,0.175,0.211,-0.036,0.316,0.34,-0.024,0.23,0.258,-0.0279999999999999,0.027999999999999997,0.02400000000000002
"Hamilton, David",666152,2024,317,214,0.248,0.231,0.0169999999999999,0.395,0.347,0.048,0.305,0.282,0.023,-0.02300000000000002,-0.04800000000000004
"Palacios, Richie",680700,2024,316,198,0.223,0.249,-0.0259999999999999,0.318,0.34,-0.022,0.303,0.324,-0.021,0.02100000000000002,0.02200000000000002
"Yelich, Christian",592885,2024,315,214,0.315,0.289,0.026,0.504,0.466,0.0379999999999999,0.391,0.369,0.022,-0.02200000000000002,-0.03799999999999998
"Vázquez, Christian",543877,2024,315,238,0.221,0.232,-0.011,0.327,0.349,-0.0219999999999999,0.25,0.266,-0.016,0.016000000000000014,0.021999999999999964
"Pillar, Kevin",607680,2024,314,219,0.229,0.22,0.009,0.377,0.327,0.0499999999999999,0.293,0.274,0.0189999999999999,-0.01899999999999996,-0.04999999999999999
"Meneses, Joey",608841,2024,313,224,0.231,0.222,0.009,0.302,0.324,-0.022,0.264,0.274,-0.01,0.010000000000000009,0.02200000000000002
"Kelly, Carson",608348,2024,313,227,0.238,0.235,0.003,0.374,0.4,-0.026,0.304,0.314,-0.01,0.010000000000000009,0.026000000000000023
"Newman, Kevin",621028,2024,311,248,0.278,0.256,0.022,0.375,0.322,0.0529999999999999,0.298,0.271,0.0269999999999999,-0.02699999999999997,-0.05299999999999999
"Laureano, Ramón",657656,2024,309,191,0.259,0.235,0.024,0.437,0.43,0.007,0.324,0.312,0.012,-0.01200000000000001,-0.007000000000000006
"Solano, Donovan",456781,2024,309,219,0.286,0.257,0.0289999999999999,0.417,0.377,0.0399999999999999,0.333,0.307,0.026,-0.026000000000000023,-0.03999999999999998
"Smith, Dominic",642086,2024,307,199,0.233,0.22,0.013,0.378,0.384,-0.006,0.306,0.303,0.003,-0.0030000000000000027,0.006000000000000005
"Refsnyder, Rob",608701,2024,307,195,0.283,0.252,0.0309999999999999,0.471,0.412,0.059,0.358,0.326,0.0319999999999999,-0.03199999999999997,-0.059
"Rengifo, Luis",650859,2024,304,240,0.3,0.261,0.0389999999999999,0.417,0.35,0.067,0.335,0.294,0.041,-0.041000000000000036,-0.067
"Vargas, Ildemaro",545121,2024,303,251,0.246,0.255,-0.009,0.316,0.323,-0.007,0.271,0.28,-0.009,0.009000000000000008,0.007000000000000006
"Edwards, Xavier",669364,2024,303,218,0.328,0.253,0.075,0.423,0.322,0.1009999999999999,0.359,0.296,0.063,-0.063,-0.10099999999999998
"Rivera, Emmanuel",656896,2024,302,202,0.238,0.249,-0.011,0.343,0.382,-0.0389999999999999,0.291,0.317,-0.026,0.026000000000000023,0.03899999999999998
"Urías, Ramón",602104,2024,301,218,0.254,0.248,0.006,0.423,0.43,-0.007,0.325,0.328,-0.003,0.0030000000000000027,0.007000000000000006
"Julien, Edouard",666397,2024,301,164,0.199,0.197,0.002,0.323,0.353,-0.0299999999999999,0.278,0.287,-0.0089999999999999,0.008999999999999952,0.02999999999999997
"Taylor, Michael A.",572191,2024,300,172,0.193,0.204,-0.0109999999999999,0.29,0.332,-0.042,0.242,0.27,-0.028,0.028000000000000025,0.04200000000000004
"Campusano, Luis",669134,2024,299,237,0.227,0.243,-0.0159999999999999,0.361,0.351,0.01,0.282,0.289,-0.007,0.007000000000000006,-0.010000000000000009
"Meadows, Parker",678009,2024,298,196,0.244,0.23,0.0139999999999999,0.433,0.379,0.0539999999999999,0.321,0.298,0.023,-0.02300000000000002,-0.05399999999999999
"Jones, Nolan",666134,2024,297,169,0.227,0.211,0.016,0.32,0.321,-0.001,0.287,0.286,0.001,-0.0010000000000000009,0.0010000000000000009
"Carpenter, Kerry",681481,2024,296,192,0.284,0.265,0.0189999999999999,0.587,0.556,0.0309999999999999,0.39,0.38,0.01,-0.010000000000000009,-0.030999999999999917
"Robles, Victor",645302,2024,295,210,0.307,0.258,0.0489999999999999,0.433,0.39,0.0429999999999999,0.357,0.326,0.0309999999999999,-0.030999999999999972,-0.04299999999999998
"Frazier, Adam",624428,2024,294,206,0.202,0.238,-0.0359999999999999,0.294,0.317,-0.023,0.261,0.287,-0.0259999999999999,0.025999999999999968,0.02300000000000002
"Muncy, Max",571970,2024,293,166,0.232,0.229,0.003,0.494,0.448,0.0459999999999999,0.362,0.35,0.012,-0.01200000000000001,-0.045999999999999985
"Iglesias, Jose",578428,2024,291,232,0.337,0.285,0.052,0.448,0.369,0.079,0.362,0.313,0.0489999999999999,-0.04899999999999999,-0.07900000000000001
"Báez, Javier",595879,2024,289,206,0.184,0.222,-0.038,0.294,0.344,-0.0499999999999999,0.224,0.264,-0.04,0.04000000000000001,0.04999999999999999
"Duran, Ezequiel",677649,2024,285,206,0.246,0.215,0.031,0.321,0.309,0.012,0.27,0.252,0.018,-0.018000000000000016,-0.01200000000000001
"Bart, Joey",663698,2024,282,181,0.265,0.248,0.017,0.462,0.433,0.029,0.347,0.331,0.0159999999999999,-0.01599999999999996,-0.029000000000000026
"Stallings, Jacob",607732,2024,281,180,0.263,0.235,0.028,0.453,0.38,0.073,0.353,0.317,0.0359999999999999,-0.035999999999999976,-0.07300000000000001
"Kiermaier, Kevin",595281,2024,281,181,0.197,0.195,0.002,0.313,0.279,0.0339999999999999,0.241,0.233,0.0079999999999999,-0.00799999999999998,-0.033999999999999975
"Sánchez, Gary",596142,2024,280,172,0.22,0.219,0.001,0.392,0.399,-0.007,0.307,0.309,-0.002,0.0020000000000000018,0.007000000000000006
"Grichuk, Randal",545341,2024,279,210,0.291,0.278,0.0129999999999999,0.528,0.484,0.044,0.373,0.359,0.014,-0.014000000000000012,-0.04400000000000004
"Bruján, Vidal",660644,2024,278,195,0.222,0.217,0.005,0.319,0.282,0.037,0.276,0.262,0.014,-0.014000000000000012,-0.03700000000000003
"Nevin, Tyler",663527,2024,278,184,0.204,0.216,-0.012,0.331,0.365,-0.0339999999999999,0.276,0.296,-0.0199999999999999,0.019999999999999962,0.033999999999999975
"Suwinski, Jack",669261,2024,277,170,0.182,0.22,-0.038,0.324,0.362,-0.0379999999999999,0.26,0.292,-0.0319999999999999,0.03199999999999997,0.03799999999999998
"Gordon, Nick",624503,2024,275,196,0.227,0.219,0.008,0.369,0.352,0.017,0.271,0.264,0.007,-0.007000000000000006,-0.017000000000000015
"Sosa, Edmundo",624641,2024,274,186,0.257,0.243,0.014,0.422,0.387,0.0349999999999999,0.318,0.305,0.013,-0.013000000000000012,-0.034999999999999976
"Caratini, Victor",605170,2024,274,195,0.269,0.261,0.008,0.408,0.394,0.0139999999999999,0.324,0.322,0.002,-0.0020000000000000018,-0.013999999999999957
"Wisely, Brett",689172,2024,272,192,0.238,0.214,0.0239999999999999,0.345,0.312,0.0329999999999999,0.272,0.255,0.017,-0.017000000000000015,-0.032999999999999974
"Bride, Jonah",681146,2024,272,184,0.276,0.224,0.052,0.461,0.334,0.127,0.351,0.296,0.0549999999999999,-0.05499999999999999,-0.127
"McCormick, Chas",676801,2024,267,174,0.211,0.223,-0.012,0.306,0.356,-0.0499999999999999,0.257,0.285,-0.0279999999999999,0.02799999999999997,0.04999999999999999
"Senzel, Nick",669222,2024,267,176,0.195,0.229,-0.034,0.331,0.353,-0.0219999999999999,0.273,0.298,-0.0249999999999999,0.024999999999999967,0.021999999999999964
"Carlson, Dylan",666185,2024,265,163,0.209,0.195,0.0139999999999999,0.277,0.268,0.009,0.257,0.249,0.008,-0.008000000000000007,-0.009000000000000008
"Murphy, Sean",669221,2024,264,167,0.193,0.214,-0.0209999999999999,0.352,0.399,-0.047,0.281,0.308,-0.0269999999999999,0.02699999999999997,0.04700000000000004
"Higashioka, Kyle",543309,2024,263,174,0.22,0.22,0.0,0.476,0.43,0.0459999999999999,0.314,0.298,0.016,-0.016000000000000014,-0.045999999999999985
"Loperfido, Joey",694388,2024,262,150,0.214,0.204,0.01,0.35,0.311,0.0389999999999999,0.268,0.254,0.014,-0.014000000000000012,-0.03899999999999998
"Wallner, Matt",670242,2024,261,126,0.259,0.234,0.0249999999999999,0.523,0.466,0.0569999999999999,0.385,0.357,0.028,-0.028000000000000025,-0.056999999999999995
"Gallo, Joey",608336,2024,260,122,0.161,0.173,-0.0119999999999999,0.336,0.348,-0.0119999999999999,0.276,0.285,-0.0089999999999999,0.008999999999999952,0.011999999999999955
"Peralta, David",444482,2024,260,182,0.267,0.258,0.009,0.415,0.375,0.0399999999999999,0.329,0.312,0.017,-0.017000000000000015,-0.03999999999999998
"Herrera, Iván",671056,2024,259,178,0.301,0.293,0.008,0.428,0.455,-0.027,0.351,0.367,-0.016,0.016000000000000014,0.027000000000000024
"Heyward, Jason",518792,2024,258,178,0.211,0.233,-0.022,0.412,0.346,0.066,0.3,0.29,0.01,-0.010000000000000009,-0.066
"Martin, Austin",668885,2024,257,188,0.253,0.259,-0.006,0.352,0.34,0.0119999999999999,0.297,0.296,0.001,-0.0010000000000000009,-0.011999999999999955
"Hays, Austin",669720,2024,255,179,0.255,0.234,0.0209999999999999,0.396,0.364,0.032,0.303,0.287,0.016,-0.016000000000000014,-0.03200000000000003
"Calhoun, Willie",641432,2024,254,199,0.245,0.257,-0.012,0.38,0.352,0.028,0.305,0.304,0.001,-0.0010000000000000009,-0.028000000000000025
"Walls, Taylor",670764,2024,252,154,0.183,0.184,-0.001,0.248,0.258,-0.01,0.245,0.252,-0.007,0.007000000000000006,0.010000000000000009
"Yepez, Juan",660766,2024,249,188,0.283,0.252,0.0309999999999999,0.429,0.352,0.077,0.331,0.296,0.035,-0.03500000000000003,-0.07700000000000001
"Montero, Elehuris",660707,2024,247,171,0.205,0.208,-0.003,0.304,0.326,-0.022,0.254,0.269,-0.015,0.015000000000000013,0.02200000000000002
"Ramírez, Harold",623912,2024,246,189,0.261,0.236,0.025,0.324,0.313,0.011,0.265,0.252,0.013,-0.013000000000000012,-0.01100000000000001
"Taylor, Chris",621035,2024,246,140,0.202,0.218,-0.0159999999999999,0.3,0.343,-0.043,0.272,0.297,-0.0249999999999999,0.024999999999999967,0.04300000000000004
"Grossman, Robbie",543257,2024,245,152,0.212,0.214,-0.002,0.293,0.298,-0.005,0.283,0.292,-0.009,0.009000000000000008,0.0050000000000000044
"Ibáñez, Andy",628451,2024,244,163,0.241,0.215,0.0259999999999999,0.357,0.325,0.0319999999999999,0.287,0.268,0.0189999999999999,-0.01899999999999996,-0.03199999999999997
"Grandal, Yasmani",518735,2024,243,173,0.228,0.245,-0.0169999999999999,0.4,0.42,-0.0199999999999999,0.308,0.325,-0.017,0.017000000000000015,0.019999999999999962
"Casas, Triston",671213,2024,243,135,0.241,0.219,0.0219999999999999,0.462,0.451,0.011,0.342,0.33,0.012,-0.01200000000000001,-0.01100000000000001
"Marte, Noelvi",682622,2024,242,155,0.21,0.225,-0.015,0.301,0.345,-0.0439999999999999,0.243,0.267,-0.024,0.02400000000000002,0.043999999999999984
"Flores, Wilmer",527038,2024,242,186,0.206,0.221,-0.015,0.318,0.338,-0.02,0.262,0.284,-0.0219999999999999,0.021999999999999964,0.020000000000000018
"Farmer, Kyle",571657,2024,242,168,0.214,0.225,-0.011,0.353,0.36,-0.007,0.285,0.294,-0.009,0.009000000000000008,0.007000000000000006
"Fletcher, Dominic",666150,2024,241,168,0.206,0.219,-0.013,0.256,0.284,-0.0279999999999999,0.227,0.245,-0.0179999999999999,0.017999999999999988,0.02799999999999997
"Anderson, Tim",641313,2024,241,166,0.214,0.215,-0.001,0.226,0.283,-0.0569999999999999,0.208,0.23,-0.022,0.02200000000000002,0.05699999999999997
"Rendon, Anthony",543685,2024,238,175,0.218,0.224,-0.006,0.267,0.314,-0.0469999999999999,0.264,0.287,-0.0229999999999999,0.022999999999999965,0.046999999999999986
"Vargas, Miguel",678246,2024,237,152,0.15,0.175,-0.0249999999999999,0.257,0.289,-0.0319999999999999,0.233,0.26,-0.0269999999999999,0.026999999999999996,0.03199999999999997
"Trevino, Jose",624431,2024,234,171,0.215,0.203,0.0119999999999999,0.354,0.31,0.0439999999999999,0.284,0.266,0.0179999999999999,-0.01799999999999996,-0.043999999999999984
"Fairchild, Stuart",656413,2024,233,152,0.215,0.215,0.0,0.368,0.377,-0.009,0.288,0.293,-0.005,0.0050000000000000044,0.009000000000000008
"McCann, James",543510,2024,233,162,0.234,0.245,-0.0109999999999999,0.388,0.419,-0.0309999999999999,0.288,0.314,-0.026,0.026000000000000023,0.030999999999999972
"Hampson, Garrett",641658,2024,231,158,0.23,0.206,0.024,0.3,0.282,0.018,0.255,0.244,0.011,-0.01100000000000001,-0.018000000000000016
"Velázquez, Nelson",676369,2024,230,147,0.2,0.214,-0.0139999999999999,0.366,0.395,-0.029,0.28,0.304,-0.0239999999999999,0.023999999999999966,0.029000000000000026
"Malloy, Justyn-Henry",669234,2024,230,119,0.203,0.179,0.024,0.366,0.327,0.0389999999999999,0.291,0.268,0.0229999999999999,-0.022999999999999965,-0.03899999999999998
"Ahmed, Nick",605113,2024,228,165,0.229,0.227,0.002,0.295,0.321,-0.026,0.248,0.26,-0.012,0.01200000000000001,0.026000000000000023
"LeMahieu, DJ",518934,2024,228,173,0.204,0.244,-0.04,0.259,0.363,-0.1039999999999999,0.239,0.299,-0.06,0.06,0.10399999999999998
"Barger, Addison",680718,2024,225,149,0.197,0.228,-0.031,0.351,0.387,-0.036,0.262,0.291,-0.0289999999999999,0.02899999999999997,0.03600000000000003
"Mitchell, Garrett",669003,2024,224,127,0.255,0.232,0.0229999999999999,0.469,0.375,0.0939999999999999,0.351,0.312,0.0389999999999999,-0.03899999999999998,-0.09399999999999997
"Goodman, Hunter",696100,2024,224,149,0.19,0.209,-0.0189999999999999,0.417,0.402,0.0149999999999999,0.274,0.278,-0.004,0.0040000000000000036,-0.014999999999999958
"Biggio, Cavan",624415,2024,224,118,0.197,0.179,0.018,0.303,0.238,0.065,0.285,0.256,0.0289999999999999,-0.02899999999999997,-0.065
"Valdez, Enmanuel",665839,2024,223,153,0.214,0.235,-0.0209999999999999,0.363,0.411,-0.0479999999999999,0.275,0.306,-0.0309999999999999,0.030999999999999972,0.04799999999999999
"Acuña Jr., Ronald",660670,2024,222,139,0.25,0.26,-0.01,0.365,0.426,-0.061,0.322,0.349,-0.0269999999999999,0.02699999999999997,0.061
"Schneemann, Daniel",682177,2024,221,126,0.218,0.209,0.009,0.368,0.306,0.062,0.295,0.276,0.0189999999999999,-0.01899999999999996,-0.062
"Pagés, Pedro",686780,2024,218,147,0.238,0.224,0.0139999999999999,0.376,0.347,0.029,0.286,0.279,0.0069999999999999,-0.006999999999999951,-0.029000000000000026
"Gonzalez, Romy",663853,2024,216,145,0.266,0.256,0.01,0.417,0.416,0.001,0.311,0.314,-0.003,0.0030000000000000027,-0.0010000000000000009
"Soderstrom, Tyler",691016,2024,213,137,0.233,0.24,-0.0069999999999999,0.429,0.481,-0.0519999999999999,0.322,0.348,-0.0259999999999999,0.025999999999999968,0.05199999999999999
"Slater, Austin",596103,2024,212,121,0.209,0.231,-0.022,0.266,0.319,-0.0529999999999999,0.273,0.303,-0.0299999999999999,0.02999999999999997,0.05299999999999999
"Lipscomb, Trey",702358,2024,211,152,0.2,0.229,-0.0289999999999999,0.232,0.289,-0.0569999999999999,0.231,0.267,-0.036,0.036000000000000004,0.05699999999999997
"Jiménez, Leo",677870,2024,210,123,0.229,0.228,0.001,0.358,0.362,-0.004,0.308,0.311,-0.003,0.0030000000000000027,0.0040000000000000036
"Grisham, Trent",663757,2024,209,125,0.19,0.2,-0.01,0.385,0.386,-0.001,0.295,0.303,-0.008,0.008000000000000007,0.0010000000000000009
"Stowers, Kyle",669065,2024,209,119,0.208,0.22,-0.012,0.333,0.365,-0.0319999999999999,0.265,0.288,-0.0229999999999999,0.022999999999999965,0.03199999999999997
"Holliday, Jackson",702616,2024,208,122,0.189,0.192,-0.003,0.311,0.328,-0.017,0.251,0.26,-0.009,0.009000000000000008,0.017000000000000015
"Mateo, Jorge",622761,2024,208,149,0.229,0.227,0.002,0.401,0.337,0.064,0.286,0.27,0.0159999999999999,-0.01599999999999996,-0.064
"Jankowski, Travis",608671,2024,207,146,0.2,0.206,-0.0059999999999999,0.242,0.252,-0.01,0.234,0.241,-0.0069999999999999,0.0069999999999999785,0.010000000000000009
"Noel, Jhonkensy",678877,2024,198,117,0.218,0.218,0.0,0.486,0.435,0.0509999999999999,0.331,0.323,0.008,-0.008000000000000007,-0.05099999999999999
"Olivares, Edward",658668,2024,196,141,0.224,0.28,-0.056,0.333,0.397,-0.064,0.276,0.332,-0.0559999999999999,0.055999999999999994,0.064
"Stewart, DJ",621466,2024,194,111,0.177,0.213,-0.036,0.297,0.347,-0.0499999999999999,0.29,0.327,-0.037,0.03700000000000003,0.04999999999999999
"Norby, Connor",681393,2024,194,115,0.236,0.228,0.0079999999999999,0.438,0.441,-0.003,0.316,0.317,-0.001,0.0010000000000000009,0.0030000000000000027
"Julks, Corey",667452,2024,189,124,0.214,0.213,0.001,0.306,0.306,0.0,0.26,0.265,-0.005,0.0050000000000000044,0.0
"Canzone, Dominic",686527,2024,188,117,0.196,0.215,-0.0189999999999999,0.381,0.425,-0.0439999999999999,0.28,0.306,-0.0259999999999999,0.025999999999999968,0.043999999999999984
"Jung, Josh",673962,2024,188,131,0.264,0.241,0.023,0.421,0.396,0.0249999999999999,0.311,0.291,0.02,-0.020000000000000018,-0.024999999999999967
"Guillorme, Luis",641645,2024,187,128,0.205,0.223,-0.018,0.273,0.29,-0.0169999999999999,0.263,0.279,-0.016,0.016000000000000014,0.01699999999999996
"Stubbs, Garrett",596117,2024,187,115,0.207,0.192,0.0149999999999999,0.262,0.238,0.024,0.258,0.246,0.012,-0.01200000000000001,-0.02400000000000002
"Thaiss, Matt",642136,2024,186,100,0.204,0.195,0.0089999999999999,0.299,0.325,-0.026,0.286,0.292,-0.006,0.006000000000000005,0.026000000000000023
"Cameron, Daz",663662,2024,186,121,0.2,0.222,-0.0219999999999999,0.329,0.352,-0.0229999999999999,0.258,0.282,-0.0239999999999999,0.023999999999999966,0.022999999999999965
"Lee, Brooks",686797,2024,185,147,0.221,0.243,-0.0219999999999999,0.32,0.339,-0.019,0.252,0.273,-0.021,0.02100000000000002,0.019000000000000017
"Alexander, Blaze",677942,2024,185,118,0.247,0.204,0.043,0.343,0.281,0.062,0.298,0.258,0.0399999999999999,-0.03999999999999998,-0.062
"Beck, Jordan",687597,2024,184,106,0.188,0.209,-0.0209999999999999,0.276,0.33,-0.0539999999999999,0.231,0.263,-0.032,0.032,0.05399999999999999
"Pache, Cristian",665506,2024,183,102,0.2,0.195,0.005,0.279,0.283,-0.0039999999999999,0.25,0.25,0.0,0.0,0.003999999999999948
"Kirilloff, Alex",666135,2024,178,115,0.201,0.217,-0.0159999999999999,0.384,0.418,-0.0339999999999999,0.282,0.309,-0.027,0.027000000000000024,0.033999999999999975
"Rice, Ben",700250,2024,178,109,0.171,0.238,-0.0669999999999999,0.349,0.462,-0.113,0.269,0.342,-0.073,0.07300000000000001,0.11300000000000004
"Walker, Jordan",691023,2024,178,116,0.201,0.211,-0.0099999999999999,0.366,0.362,0.004,0.268,0.277,-0.009,0.009000000000000008,-0.0040000000000000036
"Caminero, Junior",691406,2024,177,127,0.248,0.238,0.01,0.424,0.405,0.0189999999999999,0.309,0.301,0.008,-0.008000000000000007,-0.01899999999999996
"Wisdom, Patrick",621550,2024,174,101,0.171,0.184,-0.0129999999999999,0.392,0.419,-0.0269999999999999,0.271,0.288,-0.0169999999999999,0.01699999999999996,0.02699999999999997
"Hill, Derek",656537,2024,172,109,0.241,0.241,0.0,0.42,0.397,0.0229999999999999,0.296,0.294,0.002,-0.0020000000000000018,-0.022999999999999965
"Loftin, Nick",679845,2024,171,127,0.189,0.226,-0.037,0.236,0.306,-0.07,0.242,0.283,-0.0409999999999999,0.04099999999999998,0.07
"Baty, Brett",683146,2024,171,112,0.229,0.211,0.018,0.327,0.344,-0.0169999999999999,0.282,0.282,0.0,0.0,0.01699999999999996
"Martínez, Angel",682657,2024,169,121,0.232,0.222,0.01,0.338,0.303,0.035,0.282,0.271,0.0109999999999999,-0.010999999999999954,-0.03500000000000003
"Tena, José",677588,2024,168,120,0.267,0.254,0.013,0.354,0.415,-0.061,0.286,0.304,-0.018,0.018000000000000016,0.061
"Martini, Nick",605361,2024,163,111,0.212,0.214,-0.002,0.37,0.338,0.0319999999999999,0.279,0.275,0.004,-0.0040000000000000036,-0.03199999999999997
"Carter, Evan",694497,2024,162,102,0.188,0.208,-0.0199999999999999,0.361,0.331,0.0299999999999999,0.278,0.281,-0.003,0.0030000000000000027,-0.02999999999999997
"Arias, Gabriel",672356,2024,161,101,0.222,0.221,0.001,0.353,0.367,-0.014,0.263,0.274,-0.011,0.01100000000000001,0.014000000000000012
"McGuire, Reese",624512,2024,158,104,0.209,0.221,-0.012,0.295,0.34,-0.045,0.259,0.282,-0.0229999999999999,0.022999999999999965,0.04500000000000004
"Lee, Jung Hoo",808982,2024,158,134,0.262,0.278,-0.016,0.331,0.404,-0.073,0.284,0.319,-0.035,0.03500000000000003,0.07300000000000001
"Hilliard, Sam",656541,2024,158,88,0.239,0.215,0.0239999999999999,0.507,0.404,0.1029999999999999,0.342,0.297,0.045,-0.04500000000000004,-0.10299999999999998
"Smith, Pavin",656976,2024,158,109,0.27,0.29,-0.0199999999999999,0.547,0.528,0.019,0.377,0.392,-0.015,0.015000000000000013,-0.019000000000000017
"McCann, Kyle",668832,2024,157,81,0.236,0.185,0.0509999999999999,0.371,0.351,0.02,0.304,0.275,0.0289999999999999,-0.02899999999999997,-0.020000000000000018
"Davis, J.D.",605204,2024,157,103,0.218,0.212,0.006,0.338,0.348,-0.0099999999999999,0.282,0.284,-0.002,0.0020000000000000018,0.009999999999999953
"Carpenter, Matt",572761,2024,157,88,0.234,0.212,0.022,0.372,0.35,0.022,0.303,0.287,0.016,-0.016000000000000014,-0.02200000000000002
"Matos, Luis",682641,2024,156,127,0.213,0.241,-0.0279999999999999,0.347,0.355,-0.008,0.25,0.267,-0.017,0.017000000000000015,0.008000000000000007
"Wade, Tyler",642180,2024,156,113,0.217,0.243,-0.0259999999999999,0.239,0.309,-0.07,0.242,0.28,-0.038,0.038000000000000034,0.07
"Barnes, Austin",605131,2024,156,106,0.264,0.229,0.035,0.307,0.291,0.016,0.289,0.269,0.0199999999999999,-0.019999999999999962,-0.016000000000000014
"Outman, James",681546,2024,156,81,0.147,0.198,-0.051,0.265,0.319,-0.0539999999999999,0.242,0.282,-0.0399999999999999,0.03999999999999998,0.05399999999999999
"Manzardo, Kyle",700932,2024,156,105,0.234,0.197,0.037,0.421,0.378,0.0429999999999999,0.303,0.272,0.0309999999999999,-0.030999999999999972,-0.04299999999999998
"Bryant, Kris",592178,2024,155,86,0.218,0.212,0.006,0.301,0.317,-0.016,0.287,0.291,-0.004,0.0040000000000000036,0.016000000000000014
"Jackson, Alex",656577,2024,155,88,0.122,0.137,-0.015,0.237,0.26,-0.023,0.2,0.222,-0.0219999999999999,0.021999999999999992,0.02300000000000002
"Scott II, Victor",687363,2024,155,105,0.179,0.204,-0.0249999999999999,0.283,0.307,-0.024,0.221,0.244,-0.0229999999999999,0.022999999999999993,0.02400000000000002
"Maile, Luke",571912,2024,154,85,0.178,0.176,0.002,0.252,0.25,0.002,0.241,0.24,0.001,-0.0010000000000000009,-0.0020000000000000018
"Edman, Tommy",669242,2024,153,111,0.237,0.217,0.0199999999999999,0.417,0.317,0.0999999999999999,0.307,0.267,0.0399999999999999,-0.03999999999999998,-0.09999999999999998
"Bethancourt, Christian",542194,2024,147,105,0.209,0.219,-0.01,0.367,0.362,0.005,0.263,0.268,-0.005,0.0050000000000000044,-0.0050000000000000044
"Maldonado, Martín",455117,2024,147,87,0.119,0.16,-0.041,0.23,0.288,-0.0579999999999999,0.181,0.222,-0.041,0.04100000000000001,0.05799999999999997
"Hedges, Austin",595978,2024,146,87,0.152,0.127,0.0249999999999999,0.22,0.178,0.042,0.191,0.166,0.0249999999999999,-0.024999999999999994,-0.04200000000000001
"Aranda, Jonathan",666018,2024,143,97,0.234,0.258,-0.0239999999999999,0.43,0.519,-0.089,0.32,0.363,-0.0429999999999999,0.04299999999999998,0.08900000000000002
"Monasterio, Andruw",655316,2024,142,85,0.208,0.21,-0.002,0.272,0.341,-0.069,0.266,0.291,-0.0249999999999999,0.024999999999999967,0.069
"Mendick, Danny",664901,2024,141,98,0.197,0.207,-0.0099999999999999,0.318,0.329,-0.011,0.247,0.257,-0.01,0.010000000000000009,0.01100000000000001
"Nido, Tomás",621512,2024,140,100,0.192,0.217,-0.0249999999999999,0.315,0.41,-0.0949999999999999,0.231,0.282,-0.0509999999999999,0.05099999999999996,0.09499999999999997
"Hernaiz, Darell",687231,2024,135,96,0.192,0.228,-0.036,0.242,0.283,-0.0409999999999999,0.23,0.271,-0.041,0.04100000000000001,0.04099999999999998
"Chaparro, Andrés",665953,2024,132,97,0.215,0.226,-0.011,0.413,0.393,0.0199999999999999,0.301,0.301,0.0,0.0,-0.019999999999999962
"Crews, Dylan",686611,2024,132,94,0.218,0.253,-0.035,0.353,0.416,-0.063,0.283,0.324,-0.041,0.041000000000000036,0.063
"Mead, Curtis",678554,2024,132,93,0.238,0.239,-0.001,0.287,0.349,-0.062,0.255,0.279,-0.024,0.02400000000000002,0.062
"Blanco, Dairon",680118,2024,132,90,0.258,0.212,0.046,0.392,0.369,0.023,0.306,0.279,0.0269999999999999,-0.02699999999999997,-0.02300000000000002
"McCray, Grant",687529,2024,130,68,0.202,0.195,0.007,0.379,0.35,0.029,0.266,0.254,0.012,-0.01200000000000001,-0.029000000000000026
"Adams, Riley",656180,2024,130,83,0.224,0.222,0.002,0.336,0.345,-0.0089999999999999,0.275,0.284,-0.0089999999999999,0.008999999999999952,0.008999999999999952
"Torrens, Luis",620443,2024,130,91,0.229,0.259,-0.03,0.373,0.399,-0.026,0.292,0.318,-0.026,0.026000000000000023,0.026000000000000023
"Trout, Mike",545361,2024,126,82,0.22,0.272,-0.052,0.541,0.591,-0.0499999999999999,0.365,0.406,-0.041,0.041000000000000036,0.04999999999999993
"Casali, Curt",592200,2024,125,88,0.194,0.205,-0.0109999999999999,0.25,0.267,-0.017,0.254,0.265,-0.011,0.01100000000000001,0.017000000000000015
"Stefanic, Michael",683021,2024,124,91,0.218,0.205,0.013,0.255,0.256,-0.001,0.258,0.253,0.005,-0.0050000000000000044,0.0010000000000000009
"Harris, Brett",695391,2024,123,79,0.146,0.187,-0.041,0.262,0.284,-0.0219999999999999,0.252,0.277,-0.025,0.025000000000000022,0.021999999999999964
"Encarnacion-Strand, Christian",687952,2024,123,83,0.19,0.241,-0.0509999999999999,0.293,0.436,-0.143,0.223,0.301,-0.0779999999999999,0.07799999999999999,0.14300000000000002
"Davis, Henry",680779,2024,122,62,0.144,0.156,-0.012,0.212,0.227,-0.015,0.213,0.226,-0.013,0.013000000000000012,0.015000000000000013
"Baldwin, Brooks",681460,2024,121,84,0.211,0.216,-0.005,0.316,0.343,-0.027,0.249,0.262,-0.013,0.013000000000000012,0.027000000000000024
"Clemens, Kody",665019,2024,120,85,0.219,0.192,0.0269999999999999,0.447,0.346,0.101,0.301,0.252,0.0489999999999999,-0.04899999999999999,-0.10100000000000003
"Abreu, José",547989,2024,120,86,0.124,0.162,-0.038,0.195,0.241,-0.0459999999999999,0.164,0.199,-0.035,0.035,0.045999999999999985
"Encarnacion, Jerar",666464,2024,119,80,0.248,0.275,-0.027,0.425,0.501,-0.076,0.301,0.348,-0.0469999999999999,0.046999999999999986,0.07600000000000001
"Sweeney, Trey",700242,2024,119,79,0.218,0.211,0.007,0.373,0.411,-0.0379999999999999,0.279,0.298,-0.0189999999999999,0.01899999999999996,0.03799999999999998
"Cooper, Garrett",643265,2024,116,72,0.206,0.26,-0.054,0.299,0.41,-0.1109999999999999,0.253,0.32,-0.067,0.067,0.11099999999999999
"Kjerstad, Heston",677008,2024,114,66,0.253,0.214,0.039,0.394,0.35,0.044,0.327,0.295,0.032,-0.03200000000000003,-0.04400000000000004
"Herrera, Jose",645444,2024,114,78,0.227,0.214,0.013,0.32,0.269,0.0509999999999999,0.271,0.251,0.02,-0.020000000000000018,-0.05099999999999999
"Grissom, Vaughn",687093,2024,114,82,0.19,0.255,-0.065,0.219,0.338,-0.119,0.213,0.288,-0.0749999999999999,0.07499999999999998,0.11900000000000002
"Schmitt, Casey",669477,2024,113,83,0.252,0.245,0.007,0.477,0.444,0.0329999999999999,0.323,0.308,0.015,-0.015000000000000013,-0.032999999999999974
"Call, Alex",669743,2024,113,80,0.343,0.244,0.099,0.525,0.368,0.157,0.412,0.317,0.0949999999999999,-0.09499999999999997,-0.15700000000000003
"Florial, Estevan",664314,2024,111,58,0.173,0.167,0.0059999999999999,0.367,0.283,0.084,0.277,0.247,0.03,-0.030000000000000027,-0.08400000000000002
"Noda, Ryan",676116,2024,111,59,0.137,0.157,-0.0199999999999999,0.211,0.261,-0.05,0.223,0.249,-0.0259999999999999,0.025999999999999995,0.05000000000000002
"Urías, Luis",649966,2024,109,60,0.191,0.206,-0.0149999999999999,0.394,0.4,-0.006,0.309,0.318,-0.009,0.009000000000000008,0.006000000000000005
"Ramos, Bryan",682868,2024,108,78,0.202,0.231,-0.0289999999999999,0.333,0.358,-0.0249999999999999,0.257,0.283,-0.0259999999999999,0.025999999999999968,0.024999999999999967
"Myers, Dane",667472,2024,108,61,0.263,0.235,0.028,0.442,0.4,0.0419999999999999,0.335,0.317,0.018,-0.018000000000000016,-0.04199999999999998
"Bouchard, Sean",656248,2024,108,61,0.187,0.167,0.0199999999999999,0.297,0.281,0.0159999999999999,0.266,0.258,0.008,-0.008000000000000007,-0.01599999999999996
"Story, Trevor",596115,2024,106,61,0.255,0.193,0.062,0.394,0.29,0.104,0.318,0.255,0.063,-0.063,-0.10400000000000004
"Mastrobuoni, Miles",670156,2024,106,82,0.194,0.264,-0.07,0.224,0.36,-0.1359999999999999,0.214,0.296,-0.0819999999999999,0.08199999999999999,0.13599999999999998
"Kavadas, Niko",694359,2024,106,52,0.183,0.185,-0.002,0.333,0.371,-0.0379999999999999,0.278,0.292,-0.0139999999999999,0.013999999999999957,0.03799999999999998
"Allen, Nick",669397,2024,105,80,0.175,0.203,-0.028,0.247,0.247,0.0,0.207,0.221,-0.014,0.014000000000000012,0.0
"Dunn, Oliver",686554,2024,104,56,0.221,0.208,0.013,0.316,0.319,-0.003,0.266,0.264,0.002,-0.0020000000000000018,0.0030000000000000027
"Wilson, Jacob",805779,2024,103,84,0.25,0.266,-0.016,0.315,0.311,0.004,0.281,0.288,-0.0069999999999999,0.006999999999999951,-0.0040000000000000036
"Thomas, Alek",677950,2024,103,79,0.189,0.278,-0.089,0.358,0.447,-0.089,0.262,0.338,-0.076,0.07600000000000001,0.08900000000000002
"Gamel, Ben",592325,2024,99,57,0.247,0.259,-0.012,0.333,0.37,-0.0369999999999999,0.327,0.344,-0.0169999999999999,0.01699999999999996,0.03699999999999998
"Wilson, Weston",642215,2024,98,60,0.284,0.224,0.0599999999999999,0.489,0.418,0.071,0.358,0.313,0.0449999999999999,-0.044999999999999984,-0.07100000000000001
"Schunk, Aaron",668845,2024,98,63,0.234,0.205,0.029,0.33,0.306,0.024,0.257,0.235,0.022,-0.02200000000000002,-0.02400000000000002
"Williams, Alika",675961,2024,96,70,0.207,0.226,-0.019,0.299,0.305,-0.006,0.237,0.25,-0.013,0.013000000000000012,0.006000000000000005
"Gomes, Yan",543228,2024,96,57,0.154,0.212,-0.0579999999999999,0.242,0.364,-0.122,0.184,0.26,-0.076,0.07600000000000001,0.122
"Sánchez, Ali",645305,2024,96,67,0.167,0.177,-0.0099999999999999,0.19,0.255,-0.065,0.184,0.213,-0.0289999999999999,0.028999999999999998,0.065
"Barnhart, Tucker",571466,2024,96,52,0.173,0.166,0.0069999999999999,0.21,0.217,-0.007,0.239,0.24,-0.001,0.0010000000000000009,0.007000000000000006
"Sanó, Miguel",593934,2024,95,48,0.205,0.241,-0.036,0.313,0.377,-0.064,0.275,0.311,-0.0359999999999999,0.035999999999999976,0.064
"Madrigal, Nick",663611,2024,94,77,0.221,0.242,-0.0209999999999999,0.256,0.288,-0.0319999999999999,0.245,0.268,-0.023,0.02300000000000002,0.03199999999999997
"Jung, Jace",690291,2024,94,50,0.241,0.219,0.0219999999999999,0.304,0.288,0.016,0.308,0.294,0.014,-0.014000000000000012,-0.016000000000000014
"Knizner, Andrew",668800,2024,93,69,0.167,0.232,-0.065,0.211,0.323,-0.112,0.174,0.247,-0.073,0.07300000000000001,0.11200000000000002
"Dalbec, Bobby",666915,2024,93,41,0.133,0.118,0.015,0.193,0.169,0.0239999999999999,0.194,0.18,0.014,-0.014000000000000012,-0.023999999999999994
"Cabbage, Trey",663550,2024,91,52,0.209,0.195,0.0139999999999999,0.337,0.353,-0.0159999999999999,0.258,0.26,-0.002,0.0020000000000000018,0.01599999999999996
"Lukes, Nathan",664770,2024,91,72,0.303,0.284,0.019,0.447,0.388,0.059,0.351,0.326,0.0249999999999999,-0.024999999999999967,-0.059
"Conine, Griffin",665052,2024,89,54,0.268,0.219,0.049,0.451,0.373,0.078,0.337,0.289,0.048,-0.04800000000000004,-0.07800000000000001
"Short, Zack",670097,2024,88,49,0.129,0.169,-0.04,0.171,0.251,-0.0799999999999999,0.228,0.271,-0.043,0.04300000000000001,0.07999999999999999
"Dingler, Dillon",693307,2024,87,54,0.167,0.241,-0.0739999999999999,0.31,0.378,-0.068,0.217,0.281,-0.064,0.06400000000000003,0.068
"Del Castillo, Adrian",680728,2024,87,52,0.313,0.216,0.097,0.525,0.389,0.136,0.384,0.293,0.091,-0.09100000000000003,-0.136
"Sogard, Nick",686765,2024,86,54,0.273,0.278,-0.005,0.325,0.361,-0.0359999999999999,0.289,0.307,-0.018,0.018000000000000016,0.035999999999999976
"Rivas, Leo",660844,2024,86,51,0.233,0.245,-0.0119999999999999,0.274,0.315,-0.0409999999999999,0.282,0.303,-0.021,0.02100000000000002,0.04099999999999998
"Wagner, Will",695238,2024,86,66,0.305,0.32,-0.015,0.451,0.484,-0.0329999999999999,0.342,0.362,-0.0199999999999999,0.019999999999999962,0.032999999999999974
"Baddoo, Akil",668731,2024,82,47,0.137,0.197,-0.06,0.301,0.397,-0.096,0.23,0.296,-0.0659999999999999,0.06599999999999998,0.09600000000000003
"Bae, Ji Hwan",678225,2024,81,51,0.189,0.217,-0.0279999999999999,0.216,0.338,-0.122,0.213,0.274,-0.061,0.061000000000000026,0.12200000000000003
"Luciano, Marco",682617,2024,81,48,0.211,0.24,-0.0289999999999999,0.303,0.356,-0.0529999999999999,0.248,0.285,-0.0369999999999999,0.03699999999999998,0.05299999999999999
"Crawford, Brandon",543063,2024,80,45,0.169,0.206,-0.0369999999999999,0.282,0.305,-0.023,0.248,0.274,-0.026,0.026000000000000023,0.02300000000000002
"Vogelbach, Daniel",596129,2024,79,53,0.186,0.272,-0.086,0.3,0.465,-0.165,0.262,0.359,-0.0969999999999999,0.09699999999999998,0.16500000000000004
"Azocar, José",640492,2024,79,55,0.219,0.231,-0.012,0.247,0.304,-0.0569999999999999,0.235,0.263,-0.028,0.028000000000000025,0.056999999999999995
"Fermín, José",665877,2024,79,60,0.155,0.195,-0.04,0.197,0.238,-0.0409999999999999,0.207,0.24,-0.033,0.033,0.04099999999999998
"Palacios, Joshua",641943,2024,78,55,0.224,0.265,-0.041,0.343,0.39,-0.0469999999999999,0.307,0.343,-0.036,0.03600000000000003,0.046999999999999986
"Nuñez, Nasim",683083,2024,78,51,0.246,0.184,0.062,0.262,0.223,0.039,0.3,0.265,0.0349999999999999,-0.034999999999999976,-0.03900000000000001
"Robinson, Chuckie",642020,2024,76,50,0.129,0.172,-0.0429999999999999,0.129,0.213,-0.0839999999999999,0.159,0.21,-0.0509999999999999,0.05099999999999999,0.08399999999999999
"DeLoach, Zach",676113,2024,75,46,0.209,0.213,-0.004,0.328,0.268,0.06,0.279,0.263,0.016,-0.016000000000000014,-0.06
"Madris, Bligh",676632,2024,75,48,0.269,0.227,0.042,0.358,0.362,-0.004,0.301,0.286,0.015,-0.015000000000000013,0.0040000000000000036
"Berti, Jon",542932,2024,74,53,0.273,0.274,-0.001,0.318,0.335,-0.017,0.3,0.307,-0.007,0.007000000000000006,0.017000000000000015
"Wagaman, Eric",676572,2024,74,55,0.25,0.268,-0.018,0.403,0.413,-0.0099999999999999,0.29,0.303,-0.013,0.013000000000000012,0.009999999999999953
"Johnson, Bryce",669369,2024,73,54,0.206,0.257,-0.051,0.238,0.306,-0.068,0.243,0.29,-0.0469999999999999,0.046999999999999986,0.068
"Amaya, Jacob",676070,2024,72,40,0.176,0.179,-0.003,0.191,0.223,-0.032,0.19,0.203,-0.013,0.013000000000000012,0.032
"López, Jack",605346,2024,71,43,0.254,0.177,0.077,0.343,0.235,0.108,0.277,0.201,0.076,-0.07600000000000001,-0.10800000000000004
"Serven, Brian",661531,2024,71,42,0.159,0.171,-0.012,0.222,0.262,-0.04,0.217,0.237,-0.0199999999999999,0.01999999999999999,0.04000000000000001
"Bliss, Ryan",669208,2024,71,43,0.222,0.217,0.005,0.397,0.426,-0.0289999999999999,0.3,0.31,-0.01,0.010000000000000009,0.02899999999999997
"Narváez, Omar",553882,2024,69,54,0.154,0.176,-0.0219999999999999,0.185,0.232,-0.047,0.171,0.198,-0.0269999999999999,0.026999999999999996,0.047000000000000014
"Haase, Eric",606992,2024,69,38,0.273,0.226,0.047,0.515,0.467,0.0479999999999999,0.35,0.309,0.0409999999999999,-0.04099999999999998,-0.04799999999999999
"Hurtubise, Jacob",674441,2024,68,41,0.185,0.191,-0.006,0.241,0.25,-0.009,0.253,0.265,-0.012,0.01200000000000001,0.009000000000000008
"Shewmake, Braden",669699,2024,67,56,0.125,0.173,-0.0479999999999999,0.203,0.247,-0.0439999999999999,0.144,0.189,-0.045,0.04500000000000001,0.043999999999999984
"Domínguez, Jasson",691176,2024,67,37,0.179,0.205,-0.0259999999999999,0.304,0.336,-0.032,0.285,0.308,-0.023,0.02300000000000002,0.03200000000000003
"Trejo, Alan",676701,2024,67,49,0.143,0.184,-0.041,0.143,0.242,-0.099,0.152,0.208,-0.0559999999999999,0.055999999999999994,0.099
"Clase, Jonatan",682729,2024,66,44,0.246,0.169,0.0769999999999999,0.328,0.242,0.086,0.283,0.216,0.0669999999999999,-0.06699999999999998,-0.08600000000000002
"Dezenzo, Zach",701305,2024,65,40,0.242,0.222,0.0199999999999999,0.371,0.435,-0.064,0.283,0.297,-0.014,0.014000000000000012,0.064
"Kreidler, Ryan",668952,2024,65,40,0.119,0.17,-0.051,0.169,0.251,-0.0819999999999999,0.177,0.23,-0.053,0.05300000000000002,0.08199999999999999
"Ruiz, Esteury",665923,2024,65,39,0.2,0.181,0.019,0.382,0.339,0.0429999999999999,0.281,0.28,0.001,-0.0010000000000000009,-0.04299999999999998
"Gurriel, Yuli",493329,2024,65,41,0.241,0.255,-0.014,0.296,0.33,-0.034,0.289,0.318,-0.029,0.029000000000000026,0.03400000000000003
"Reyes, Pablo",622569,2024,64,41,0.183,0.211,-0.0279999999999999,0.217,0.301,-0.0839999999999999,0.207,0.251,-0.044,0.04400000000000001,0.08399999999999999
"Hicks, Aaron",543305,2024,63,34,0.14,0.192,-0.0519999999999999,0.193,0.272,-0.079,0.196,0.249,-0.0529999999999999,0.05299999999999999,0.07900000000000001
"Millas, Drew",686452,2024,62,41,0.246,0.225,0.0209999999999999,0.316,0.309,0.007,0.28,0.27,0.01,-0.010000000000000009,-0.007000000000000006
"Dahl, David",621311,2024,62,38,0.207,0.202,0.0049999999999999,0.397,0.379,0.018,0.273,0.266,0.007,-0.007000000000000006,-0.018000000000000016
"Ford, Mike",645801,2024,62,45,0.15,0.206,-0.0559999999999999,0.233,0.297,-0.0639999999999999,0.18,0.233,-0.053,0.05300000000000002,0.06399999999999997
"Walsh, Jared",665120,2024,60,32,0.226,0.242,-0.0159999999999999,0.321,0.403,-0.082,0.289,0.326,-0.037,0.03700000000000003,0.08200000000000002
"Paris, Kyren",677347,2024,59,34,0.118,0.181,-0.063,0.216,0.31,-0.094,0.207,0.269,-0.062,0.06200000000000003,0.094
"Hensley, David",682073,2024,58,35,0.212,0.153,0.059,0.288,0.216,0.0719999999999999,0.265,0.218,0.047,-0.047000000000000014,-0.07199999999999998
"Rosario, Eguy",666703,2024,57,34,0.245,0.196,0.0489999999999999,0.528,0.392,0.136,0.345,0.274,0.0709999999999999,-0.07099999999999995,-0.136
"Tucker, Cole",657061,2024,57,34,0.18,0.196,-0.016,0.3,0.266,0.0339999999999999,0.25,0.254,-0.004,0.0040000000000000036,-0.033999999999999975
"Black, Tyler",672012,2024,57,32,0.204,0.191,0.0129999999999999,0.245,0.232,0.0129999999999999,0.265,0.256,0.009,-0.009000000000000008,-0.012999999999999984
"McCoy, Mason",669200,2024,57,33,0.204,0.202,0.0019999999999999,0.245,0.24,0.005,0.241,0.241,0.0,0.0,-0.0050000000000000044
"Marchán, Rafael",665561,2024,56,44,0.294,0.335,-0.041,0.549,0.515,0.034,0.382,0.39,-0.008,0.008000000000000007,-0.03400000000000003
"Tromp, Chadwick",644433,2024,54,36,0.25,0.245,0.005,0.365,0.329,0.0359999999999999,0.266,0.253,0.013,-0.013000000000000012,-0.035999999999999976
"Romo, Drew",691011,2024,53,33,0.176,0.148,0.0279999999999999,0.235,0.202,0.0329999999999999,0.197,0.173,0.024,-0.02400000000000002,-0.032999999999999974
"Williams, Luke",663897,2024,52,34,0.196,0.166,0.03,0.261,0.263,-0.002,0.246,0.233,0.0129999999999999,-0.012999999999999984,0.0020000000000000018
"Saggese, Thomas",695336,2024,52,35,0.204,0.201,0.0029999999999999,0.306,0.31,-0.004,0.247,0.247,0.0,0.0,0.0040000000000000036
"Hinds, Rece",677956,2024,51,30,0.261,0.247,0.014,0.717,0.608,0.1089999999999999,0.433,0.388,0.0449999999999999,-0.044999999999999984,-0.10899999999999999
"García, Avisaíl",541645,2024,51,37,0.24,0.251,-0.011,0.38,0.407,-0.0269999999999999,0.274,0.294,-0.0199999999999999,0.019999999999999962,0.02699999999999997
"Shenton, Austin",668853,2024,50,28,0.214,0.2,0.0139999999999999,0.405,0.295,0.11,0.33,0.288,0.042,-0.04200000000000004,-0.11000000000000004
"Baker, Luken",663609,2024,49,31,0.175,0.188,-0.013,0.4,0.332,0.068,0.294,0.29,0.004,-0.0040000000000000036,-0.068
"Locklear, Tyler",682988,2024,49,25,0.156,0.148,0.008,0.311,0.269,0.0419999999999999,0.238,0.22,0.0179999999999999,-0.017999999999999988,-0.04199999999999998
"Cook, Billy",695257,2024,49,30,0.224,0.228,-0.004,0.449,0.436,0.013,0.285,0.283,0.002,-0.0020000000000000018,-0.013000000000000012
"Vilade, Ryan",668723,2024,49,35,0.178,0.226,-0.048,0.244,0.304,-0.06,0.2,0.245,-0.0449999999999999,0.044999999999999984,0.06
"Pinto, René",650907,2024,49,26,0.214,0.188,0.0259999999999999,0.429,0.469,-0.0399999999999999,0.31,0.329,-0.019,0.019000000000000017,0.03999999999999998
"Wendzel, Davis",673995,2024,49,35,0.128,0.197,-0.069,0.234,0.371,-0.1369999999999999,0.176,0.261,-0.085,0.08500000000000002,0.13699999999999998
"Westbrook, Jamie",642197,2024,48,28,0.15,0.222,-0.072,0.35,0.419,-0.069,0.252,0.314,-0.062,0.062,0.069
"Campero, Gustavo",672569,2024,48,38,0.239,0.233,0.0059999999999999,0.348,0.303,0.0449999999999999,0.271,0.255,0.016,-0.016000000000000014,-0.044999999999999984
"Bote, David",623520,2024,48,33,0.304,0.251,0.0529999999999999,0.391,0.348,0.043,0.317,0.278,0.0389999999999999,-0.03899999999999998,-0.04300000000000004
"Jones, Jahmai",663330,2024,47,27,0.238,0.192,0.0459999999999999,0.381,0.322,0.059,0.302,0.263,0.0389999999999999,-0.03899999999999998,-0.059
"Whitcomb, Shay",694376,2024,46,33,0.22,0.281,-0.061,0.293,0.421,-0.128,0.272,0.345,-0.0729999999999999,0.07299999999999995,0.128
"Mayo, Coby",691723,2024,46,19,0.098,0.17,-0.072,0.098,0.204,-0.1059999999999999,0.152,0.222,-0.07,0.07,0.10599999999999998
"Berroa, Steward",672642,2024,45,23,0.189,0.143,0.046,0.216,0.186,0.03,0.268,0.241,0.027,-0.027000000000000024,-0.03
"Moncada, Yoán",660162,2024,45,29,0.275,0.264,0.011,0.4,0.342,0.0579999999999999,0.333,0.312,0.021,-0.02100000000000002,-0.057999999999999996
"Foscue, Justin",679822,2024,44,24,0.048,0.103,-0.0549999999999999,0.071,0.145,-0.074,0.08,0.134,-0.054,0.054000000000000006,0.074
"Zavala, Seby",664874,2024,43,24,0.154,0.178,-0.0239999999999999,0.282,0.351,-0.069,0.221,0.256,-0.035,0.035,0.069
"Yorke, Nick",694377,2024,42,26,0.216,0.283,-0.0669999999999999,0.378,0.508,-0.13,0.289,0.377,-0.088,0.08800000000000002,0.13
"White, Eli",642201,2024,42,27,0.282,0.204,0.0779999999999999,0.436,0.328,0.1079999999999999,0.335,0.263,0.072,-0.07200000000000001,-0.10799999999999998
"Acuña, Luisangel",682668,2024,40,33,0.308,0.267,0.0409999999999999,0.641,0.428,0.213,0.406,0.309,0.097,-0.09700000000000003,-0.21300000000000002
"Ornelas, Jonathan",680716,2024,40,25,0.216,0.228,-0.012,0.27,0.277,-0.007,0.235,0.244,-0.009,0.009000000000000008,0.007000000000000006
"Pereda, Jhonny",640902,2024,40,29,0.231,0.232,-0.001,0.231,0.313,-0.0819999999999999,0.216,0.249,-0.033,0.033,0.08199999999999999
"Rodríguez, Johnathan",671286,2024,40,17,0.129,0.134,-0.005,0.161,0.158,0.003,0.253,0.257,-0.004,0.0040000000000000036,-0.0030000000000000027
"Remillard, Zach",621545,2024,39,24,0.242,0.227,0.0149999999999999,0.333,0.322,0.011,0.305,0.301,0.004,-0.0040000000000000036,-0.01100000000000001
"Alvarez, Armando",669137,2024,39,29,0.243,0.266,-0.023,0.27,0.342,-0.072,0.248,0.286,-0.0379999999999999,0.03799999999999998,0.07200000000000001
"Sabol, Blake",666165,2024,38,23,0.313,0.244,0.069,0.375,0.39,-0.015,0.352,0.328,0.0239999999999999,-0.023999999999999966,0.015000000000000013
"Murphy, Tom",608596,2024,38,20,0.118,0.151,-0.033,0.235,0.316,-0.081,0.206,0.25,-0.044,0.04400000000000001,0.08100000000000002
"Adams, Jordyn",677941,2024,38,23,0.229,0.254,-0.0249999999999999,0.314,0.384,-0.07,0.271,0.309,-0.0379999999999999,0.03799999999999998,0.07
"Colás, Oscar",693049,2024,38,23,0.273,0.249,0.024,0.273,0.289,-0.0159999999999999,0.3,0.297,0.003,-0.0030000000000000027,0.01599999999999996
"Driscoll, Logan",686482,2024,37,30,0.171,0.23,-0.059,0.257,0.357,-0.0999999999999999,0.193,0.265,-0.072,0.07200000000000001,0.09999999999999998
"Villar, David",681584,2024,37,23,0.257,0.223,0.034,0.457,0.433,0.024,0.305,0.319,-0.014,0.014000000000000012,-0.02400000000000002
"Wendle, Joey",621563,2024,37,27,0.222,0.221,0.001,0.25,0.285,-0.0349999999999999,0.219,0.236,-0.0169999999999999,0.016999999999999987,0.034999999999999976
"Amador, Adael",691182,2024,36,29,0.171,0.244,-0.0729999999999999,0.2,0.331,-0.131,0.176,0.264,-0.088,0.08800000000000002,0.131
"Sanoja, Javier",691594,2024,36,31,0.229,0.22,0.009,0.286,0.274,0.0119999999999999,0.236,0.229,0.0069999999999999,-0.0069999999999999785,-0.011999999999999955
"Wall, Forrest",657088,2024,35,24,0.25,0.192,0.0579999999999999,0.25,0.253,-0.003,0.261,0.236,0.025,-0.025000000000000022,0.0030000000000000027
"Díaz, Aledmys",649557,2024,34,24,0.091,0.197,-0.106,0.091,0.237,-0.146,0.098,0.205,-0.1069999999999999,0.10699999999999998,0.146
"Goodrum, Niko",592348,2024,33,20,0.103,0.169,-0.066,0.103,0.25,-0.147,0.147,0.229,-0.082,0.08200000000000002,0.14700000000000002
"Salazar, César",663967,2024,32,22,0.32,0.323,-0.003,0.4,0.379,0.021,0.343,0.34,0.003,-0.0030000000000000027,-0.02100000000000002
"Pauley, Graham",688363,2024,32,17,0.125,0.173,-0.0479999999999999,0.313,0.323,-0.01,0.183,0.213,-0.03,0.03,0.010000000000000009
"Alvarez Jr., Nacho",805373,2024,32,20,0.1,0.175,-0.0749999999999999,0.1,0.226,-0.126,0.128,0.209,-0.0809999999999999,0.08099999999999999,0.126
"Blankenhorn, Travis",663905,2024,32,22,0.129,0.172,-0.0429999999999999,0.161,0.243,-0.0819999999999999,0.143,0.197,-0.054,0.05400000000000002,0.08199999999999999
"De Los Santos, Luis",665782,2024,31,19,0.172,0.184,-0.012,0.241,0.229,0.0119999999999999,0.211,0.215,-0.004,0.0040000000000000036,-0.011999999999999983
"Gray, Tristan",656484,2024,31,12,0.107,0.17,-0.063,0.143,0.192,-0.049,0.164,0.21,-0.0459999999999999,0.045999999999999985,0.049000000000000016
"Vosler, Jason",613564,2024,30,19,0.179,0.233,-0.054,0.286,0.416,-0.13,0.229,0.303,-0.0739999999999999,0.07399999999999998,0.13
"Brooks, Trenton",670092,2024,29,19,0.12,0.176,-0.0559999999999999,0.12,0.277,-0.157,0.186,0.263,-0.077,0.07700000000000001,0.15700000000000003
"Dunn, Blake",694362,2024,29,15,0.154,0.154,0.0,0.308,0.282,0.026,0.247,0.238,0.009,-0.009000000000000008,-0.026000000000000023
"Leblanc, Charles",641779,2024,28,12,0.19,0.211,-0.0209999999999999,0.476,0.454,0.0219999999999999,0.382,0.383,-0.001,0.0010000000000000009,-0.021999999999999964
"McKinney, Billy",641856,2024,28,12,0.2,0.162,0.038,0.24,0.227,0.0129999999999999,0.246,0.226,0.0199999999999999,-0.01999999999999999,-0.012999999999999984
"Canario, Alexander",672744,2024,28,14,0.28,0.201,0.079,0.44,0.371,0.069,0.35,0.293,0.0569999999999999,-0.056999999999999995,-0.069
"Mervis, Matt",670223,2024,28,18,0.115,0.121,-0.0059999999999999,0.154,0.192,-0.038,0.137,0.158,-0.0209999999999999,0.02099999999999999,0.038000000000000006
"Adrianza, Ehire",501303,2024,28,15,0.192,0.175,0.017,0.346,0.29,0.0559999999999999,0.262,0.235,0.027,-0.027000000000000024,-0.055999999999999994
"Wiemer, Joey",686894,2024,28,17,0.154,0.183,-0.0289999999999999,0.154,0.301,-0.147,0.175,0.245,-0.07,0.07,0.147
"Hiura, Keston",669374,2024,27,17,0.148,0.196,-0.048,0.148,0.244,-0.096,0.131,0.191,-0.06,0.06,0.096
"Miller, Owen",680911,2024,27,19,0.185,0.19,-0.005,0.222,0.239,-0.0169999999999999,0.177,0.186,-0.009,0.009000000000000008,0.016999999999999987
"Stevenson, Cal",670276,2024,27,20,0.25,0.238,0.012,0.375,0.377,-0.002,0.314,0.311,0.003,-0.0030000000000000027,0.0020000000000000018
"Peterson, Jace",607054,2024,26,17,0.045,0.202,-0.157,0.045,0.234,-0.189,0.113,0.245,-0.132,0.132,0.189
"Kennedy, Buddy",671083,2024,26,15,0.19,0.295,-0.1049999999999999,0.381,0.46,-0.079,0.301,0.398,-0.097,0.09700000000000003,0.07900000000000001
"Walton, Donovan",622268,2024,25,15,0.136,0.183,-0.0469999999999999,0.273,0.275,-0.002,0.236,0.259,-0.023,0.02300000000000002,0.0020000000000000018
"Kessinger, Grae",666197,2024,25,14,0.0,0.116,-0.116,0.0,0.207,-0.207,0.112,0.226,-0.114,0.114,0.207
"Gasper, Mickey",681508,2024,23,10,0.0,0.211,-0.211,0.0,0.262,-0.262,0.151,0.314,-0.163,0.163,0.262
"León, Pedro",694175,2024,21,10,0.1,0.144,-0.0439999999999999,0.1,0.232,-0.132,0.117,0.186,-0.0689999999999999,0.06899999999999999,0.132
"Wynns, Austin",642851,2024,20,14,0.368,0.289,0.079,0.579,0.366,0.2129999999999999,0.419,0.307,0.1119999999999999,-0.11199999999999999,-0.21299999999999997
"Collins, Isaac",686555,2024,19,7,0.118,0.099,0.0189999999999999,0.118,0.122,-0.004,0.165,0.161,0.004,-0.0040000000000000036,0.0040000000000000036
"Delay, Jason",641511,2024,19,16,0.2,0.195,0.005,0.4,0.239,0.161,0.324,0.275,0.0489999999999999,-0.04899999999999999,-0.16100000000000003
"Waters, Drew",671221,2024,19,10,0.188,0.095,0.093,0.25,0.131,0.119,0.269,0.195,0.074,-0.07400000000000001,-0.119
"Barrosa, Jorge",678489,2024,18,16,0.176,0.344,-0.1679999999999999,0.294,0.429,-0.135,0.199,0.339,-0.14,0.14,0.135
"Thompson, Bubba",669352,2024,18,7,0.111,0.164,-0.053,0.167,0.265,-0.098,0.119,0.187,-0.068,0.068,0.098
"Ortega, Rafael",542364,2024,17,11,0.071,0.212,-0.141,0.071,0.254,-0.183,0.133,0.275,-0.142,0.14200000000000002,0.183
"Sullivan, Brett",664954,2024,17,12,0.188,0.117,0.071,0.375,0.203,0.172,0.265,0.173,0.092,-0.09200000000000003,-0.172
"Heineman, Tyler",623168,2024,16,6,0.083,0.058,0.025,0.083,0.09,-0.0069999999999999,0.229,0.222,0.007,-0.007000000000000006,0.006999999999999992
"Haggerty, Sam",664059,2024,16,11,0.067,0.171,-0.104,0.067,0.2,-0.133,0.098,0.196,-0.098,0.098,0.133
"Soto, Livan",670869,2024,16,10,0.231,0.262,-0.031,0.308,0.337,-0.029,0.318,0.342,-0.024,0.02400000000000002,0.029000000000000026
"McKenna, Ryan",663630,2024,15,9,0.214,0.169,0.0449999999999999,0.643,0.367,0.276,0.378,0.257,0.121,-0.121,-0.276
"Misner, Kameron",670224,2024,15,5,0.067,0.095,-0.0279999999999999,0.067,0.11,-0.043,0.059,0.091,-0.032,0.032,0.043
"Narváez, Carlos",665966,2024,15,7,0.231,0.258,-0.0269999999999999,0.231,0.307,-0.0759999999999999,0.268,0.304,-0.0359999999999999,0.035999999999999976,0.07599999999999998
"Reetz, Jakson",656883,2024,15,9,0.143,0.163,-0.02,0.429,0.394,0.0349999999999999,0.266,0.264,0.002,-0.0020000000000000018,-0.034999999999999976
"Feduccia, Hunter",676439,2024,14,10,0.333,0.217,0.116,0.333,0.253,0.08,0.35,0.277,0.0729999999999999,-0.07299999999999995,-0.08000000000000002
"Keirsey Jr., DaShawn",680577,2024,14,12,0.154,0.248,-0.094,0.385,0.433,-0.0479999999999999,0.261,0.324,-0.063,0.063,0.04799999999999999
"Vázquez, Luis",676679,2024,14,7,0.083,0.109,-0.0259999999999999,0.083,0.118,-0.0349999999999999,0.114,0.164,-0.05,0.05,0.03499999999999999
"Baker, Darren",671117,2024,14,11,0.5,0.218,0.282,0.643,0.254,0.389,0.494,0.209,0.285,-0.28500000000000003,-0.389
"Teodosio, Bryce",669326,2024,12,7,0.083,0.123,-0.0399999999999999,0.083,0.143,-0.0599999999999999,0.073,0.117,-0.044,0.04400000000000001,0.059999999999999984
"Lockridge, Brandon",663604,2024,12,8,0.167,0.155,0.012,0.417,0.284,0.133,0.244,0.189,0.0549999999999999,-0.05499999999999999,-0.133
"Jordan, Levi",682119,2024,11,8,0.1,0.124,-0.0239999999999999,0.2,0.183,0.017,0.114,0.122,-0.0079999999999999,0.007999999999999993,-0.017000000000000015
"Peraza, Oswald",672724,2024,11,7,0.2,0.228,-0.0279999999999999,0.5,0.486,0.014,0.329,0.339,-0.01,0.010000000000000009,-0.014000000000000012
"Alvarez, Eddy",657193,2024,11,7,0.0,0.179,-0.179,0.0,0.209,-0.209,0.128,0.266,-0.138,0.138,0.209
"Rios, Edwin",621458,2024,10,5,0.111,0.179,-0.0679999999999999,0.111,0.222,-0.111,0.157,0.228,-0.071,0.07100000000000001,0.111
"Alcántara, Kevin",682634,2024,10,9,0.1,0.206,-0.1059999999999999,0.1,0.258,-0.158,0.088,0.204,-0.1159999999999999,0.11599999999999999,0.158
"Kemp, Tony",643393,2024,10,8,0.0,0.136,-0.136,0.0,0.182,-0.182,0.069,0.191,-0.122,0.122,0.182
"Duffy, Matt",622110,2024,10,6,0.286,0.418,-0.132,0.286,0.485,-0.199,0.386,0.486,-0.0999999999999999,0.09999999999999998,0.199
"Helman, Michael",680737,2024,10,7,0.3,0.116,0.184,0.5,0.148,0.352,0.339,0.112,0.227,-0.22700000000000004,-0.352
"Peguero, Liover",678894,2024,10,7,0.2,0.268,-0.068,0.3,0.341,-0.041,0.214,0.264,-0.05,0.05000000000000002,0.041000000000000036
"Martínez, J.P.",679881,2024,10,6,0.2,0.101,0.099,0.3,0.116,0.184,0.214,0.094,0.12,-0.12,-0.184
"Fletcher, David",664058,2024,9,8,0.25,0.086,0.164,0.25,0.101,0.149,0.196,0.13,0.066,-0.066,-0.149
"Marlowe, Cade",687799,2024,9,7,0.25,0.308,-0.0579999999999999,0.25,0.343,-0.093,0.273,0.329,-0.0559999999999999,0.055999999999999994,0.09300000000000003
"Capra, Vinny",681962,2024,9,6,0.111,0.051,0.06,0.222,0.073,0.149,0.139,0.056,0.083,-0.08300000000000002,-0.14900000000000002
"Brantly, Rob",542963,2024,9,7,0.111,0.242,-0.131,0.111,0.455,-0.344,0.098,0.301,-0.2029999999999999,0.20299999999999999,0.34400000000000003
"Castillo, Diego",660636,2024,8,5,0.333,0.329,0.004,0.5,0.374,0.126,0.439,0.407,0.032,-0.03200000000000003,-0.126
"Hummel, Cooper",669450,2024,8,6,0.0,0.17,-0.17,0.0,0.244,-0.244,0.0,0.185,-0.185,0.185,0.244
"Alexander, CJ",680769,2024,8,5,0.125,0.19,-0.065,0.125,0.294,-0.1689999999999999,0.11,0.208,-0.0979999999999999,0.09799999999999999,0.16899999999999998
"Trammell, Taylor",666211,2024,8,4,0.143,0.092,0.0509999999999999,0.143,0.113,0.0299999999999999,0.196,0.164,0.032,-0.032,-0.029999999999999985
"Koch, Grant",667428,2024,8,1,0.0,0.002,-0.002,0.0,0.003,-0.003,0.086,0.088,-0.002,0.0020000000000000018,0.003
"Capel, Conner",668843,2024,8,6,0.25,0.189,0.061,0.25,0.241,0.009,0.22,0.182,0.038,-0.038000000000000006,-0.009000000000000008
"Camargo, Jair",665856,2024,7,3,0.0,0.095,-0.095,0.0,0.104,-0.104,0.098,0.173,-0.0749999999999999,0.07499999999999998,0.104
"Garcia, Aramis",605244,2024,7,4,0.0,0.066,-0.066,0.0,0.116,-0.116,0.0,0.077,-0.077,0.077,0.116
"Harris, Dustin",687957,2024,7,4,0.333,0.271,0.062,1.0,0.476,0.524,0.57,0.367,0.2029999999999999,-0.20299999999999996,-0.524
"Garrett, Stone",656448,2024,6,5,0.6,0.574,0.026,1.4,1.341,0.0589999999999999,0.812,0.77,0.042,-0.04200000000000004,-0.05899999999999994
"Jones, Greg",675659,2024,6,1,0.2,0.198,0.002,0.8,0.787,0.013,0.456,0.452,0.004,-0.0040000000000000036,-0.013000000000000012
"Knapp, Andrew",595284,2024,6,4,0.167,0.15,0.017,0.167,0.155,0.012,0.147,0.137,0.0099999999999999,-0.009999999999999981,-0.01200000000000001
"Gentry, Tyler",694355,2024,5,3,0.0,0.083,-0.083,0.0,0.091,-0.091,0.0,0.076,-0.076,0.076,0.091
"Maton, Nick",665155,2024,5,3,0.0,0.085,-0.085,0.0,0.159,-0.159,0.0,0.103,-0.103,0.103,0.159
"Taylor, Samad",669392,2024,5,4,0.4,0.164,0.236,0.4,0.172,0.228,0.353,0.153,0.1999999999999999,-0.19999999999999998,-0.22800000000000004
"Anderson, Brian",605119,2024,5,3,0.0,0.408,-0.408,0.0,0.745,-0.745,0.0,0.494,-0.494,0.494,0.745
"Ellis, Duke",668752,2024,5,3,0.2,0.284,-0.0839999999999999,0.2,0.303,-0.1029999999999999,0.176,0.262,-0.086,0.08600000000000002,0.10299999999999998
"Hicklen, Brewer",676551,2024,5,1,0.0,0.057,-0.057,0.0,0.067,-0.067,0.0,0.054,-0.054,0.054,0.067
"Fabian, Sandro",660758,2024,5,5,0.0,0.147,-0.147,0.0,0.296,-0.296,0.0,0.189,-0.189,0.189,0.296
"Devers, José",672701,2024,4,3,0.25,0.313,-0.063,0.25,0.339,-0.089,0.22,0.302,-0.0819999999999999,0.08199999999999999,0.08900000000000002
"Huff, Sam",669087,2024,4,1,0.0,0.292,-0.292,0.0,0.325,-0.325,0.172,0.38,-0.208,0.20800000000000002,0.325
"Straw, Myles",664702,2024,4,4,0.25,0.221,0.0289999999999999,0.25,0.257,-0.007,0.22,0.206,0.014,-0.014000000000000012,0.007000000000000006
"Batten, Matthew",676946,2024,3,3,0.333,0.252,0.081,1.0,0.363,0.637,0.53,0.267,0.263,-0.263,-0.637
"Martinez, Orelvis",682619,2024,3,2,0.333,0.313,0.02,0.333,0.362,-0.0289999999999999,0.294,0.297,-0.003,0.0030000000000000027,0.02899999999999997
"Johnson, Daniel",669288,2024,1,1,0.0,0.286,-0.286,0.0,0.29,-0.29,0.0,0.261,-0.261,0.261,0.29
"McGough, Scott",543518,2024,1,0,0.0,,,0.0,,,0.0,0.0,0.0,0.0,
"Yang, Eric",687066,2024,1,0,0.0,,,0.0,,,0.0,0.0,0.0,0.0,
"Castillo, Luis",622491,2024,1,0,0.0,,,0.0,,,0.0,0.0,0.0,0.0,
"Bañuelos, David",675915,2024,1,1,0.0,0.02,-0.02,0.0,0.027,-0.027,0.0,0.021,-0.021,0.021,0.027
"Roller, Chris",676896,2024,1,0,0.0,,,0.0,,,0.0,0.0,0.0,0.0,
